,word,prediction_ratio,1)validated_translation_by_gpt4o,2)word>=0.5,reason,back_translations
0,2D-3D correspondence,"[{'word': '2D-3D соответствие', 'ratio': 0.5}, {'word': 'соответствие 2D-3D', 'ratio': 0.5}]",соответствие 2D-3D,2D-3D соответствие,"```
1. Candidate: ""соответствие 2D-3D""
2. Explanation: The term ""соответствие 2D-3D"" is the best fit for translating ""2D-3D correspondence"" in the context of AI and computer vision. In this domain, ""correspondence"" typically refers to the relationship or mapping between two sets of data, such as 2D image points and 3D model points. The word ""соответствие"" accurately captures this meaning, as it denotes a match or alignment between elements, which is crucial for tasks like pose estimation and object detection. Additionally, the back translation to ""2D-3D correspondence"" confirms its semantic accuracy and contextual fit, ensuring that the technical meaning is preserved in both languages.
```","['2D-3D correspondence', '2D-3D correspondence', '2D-3D correspondence']"
1,3D mesh,"[{'word': '3D сетка', 'ratio': 0.7777777777777778}, {'word': '3D модель', 'ratio': 0.2222222222222222}]",3D модель,3D сетка,"```
1. Candidate: 3D модель
2. Explanation: In the context of AI and computer vision, ""3D mesh"" refers to a digital representation of a three-dimensional object, typically used in graphics and modeling. The term ""3D модель"" (3D model) is more semantically accurate in Russian for this context, as it conveys the idea of a complete three-dimensional structure, which aligns with the concept of object reconstruction from images. While ""3D сетка"" (3D mesh) is a direct translation, it may not fully capture the broader concept of a 3D model in Russian, which is more commonly used in the AI domain to describe such reconstructions.
```","['3D mesh', '3D model']"
2,Boolean formula,"[{'word': 'булева формула', 'ratio': 0.6666666666666666}, {'word': 'логическая формула', 'ratio': 0.2222222222222222}, {'word': 'Булева формула', 'ratio': 0.1111111111111111}]",Булева формула,булева формула,"```
1. Candidate: Булева формула
2. Explanation: The term ""Булева формула"" is the best fit for translating ""Boolean formula"" in the context of AI and computer science. This term is widely used in Russian technical literature to refer specifically to Boolean expressions or formulas, which are central to problems like Boolean satisfiability (SAT). The capitalization of ""Булева"" aligns with the convention of capitalizing terms derived from proper nouns, such as ""Boolean,"" which originates from the name of mathematician George Boole. This candidate maintains semantic accuracy and is consistent with domain-specific usage, ensuring that the technical meaning is preserved in translation.
```","['Boolean formula', 'Boolean formula', 'logical formula']"
3,Euclidean plane,"[{'word': 'евклидова плоскость', 'ratio': 1.0}]",Евклидова плоскость,евклидова плоскость,"```
1. Candidate: ""Евклидова плоскость""

2. Explanation: The term ""Евклидова плоскость"" is the most semantically accurate translation of ""Euclidean plane"" in the context of AI and mathematical discussions. This translation is widely accepted in mathematical literature and accurately conveys the concept of a two-dimensional space defined by Euclidean geometry. The back translation to ""Euclidean plane"" confirms its accuracy and consistency with the original term. In the context of AI, especially in areas like Qualitative Spatial Reasoning, maintaining precise mathematical terminology is crucial for understanding and discussing spatial constraints and properties. Therefore, ""Евклидова плоскость"" is the best fit for conveying the intended meaning in Russian while preserving the technical integrity of the term. 
```","['Euclidean plane', 'Euclidean plane']"
4,Fano's inequality,"[{'word': 'неравенство Фано', 'ratio': 0.6}, {'word': '不等енство Фано', 'ratio': 0.2}, {'word': 'Неравенство Фано', 'ratio': 0.2}]",Неравенство Фано,неравенство Фано,"```
1. Candidate: Неравенство Фано
2. Explanation: ""Неравенство Фано"" is the best translation candidate because it accurately reflects the established terminology used in the field of information theory and AI in Russian. The capitalization of ""Фано"" aligns with the convention of capitalizing proper nouns, which is important for maintaining the integrity of the term as it refers to a specific inequality named after Robert Fano. The back translation to ""Fano's inequality"" confirms the semantic accuracy and contextual fit, ensuring that the term is understood correctly in both languages within the AI domain.
```","[""Fano's inequality"", 'Fano inequality', '不等Fano tribe']"
5,Graph Neural Networks,"[{'word': 'графовые нейронные сети', 'ratio': 0.6}, {'word': 'Графовые нейронные сети', 'ratio': 0.3}, {'word': 'Graph Neural Networks графовые нейронные сети', 'ratio': 0.1}]",Графовые нейронные сети,графовые нейронные сети,"```
1. Candidate: ""Графовые нейронные сети""
2. Explanation: The candidate ""Графовые нейронные сети"" is the best fit because it accurately captures the meaning of ""Graph Neural Networks"" in the context of AI and machine learning. The term ""графовые"" directly translates to ""graph,"" which is essential for maintaining the semantic integrity of the term in the AI domain. Additionally, the back translation to ""Graph Neural Networks"" confirms that the translation is semantically accurate and contextually appropriate, ensuring that the technical meaning is preserved for Russian-speaking audiences familiar with AI terminology.
```","['Graph Neural Networks', 'graph neural networks', 'Graph Neural Networks graph neural networks']"
6,Hedge algorithm,"[{'word': 'алгоритм Hedge', 'ratio': 0.5555555555555556}, {'word': 'алгоритм Хеджа', 'ratio': 0.2222222222222222}, {'word': 'Hedge algorithm алгоритм Хеджа', 'ratio': 0.1111111111111111}, {'word': 'алгоритм Хедж', 'ratio': 0.1111111111111111}]",алгоритм Хеджа,алгоритм Hedge,"```
1. Candidate: ""алгоритм Хеджа""

2. Explanation: The term ""алгоритм Хеджа"" is the best fit for translating ""Hedge algorithm"" in the context of AI and machine learning. This candidate maintains the original name ""Hedge"" as a proper noun, which is common practice in technical translations to preserve the specific identity of well-known algorithms. The use of ""Хеджа"" is a transliteration that respects the pronunciation and recognition of the term in Russian, ensuring that it is understood as referring to the specific algorithm developed by Littlestone and Warmuth, and later by Freund and Schapire. This choice avoids confusion with the more generic term ""hedging,"" which could imply financial or risk management contexts rather than the specific AI algorithm. Additionally, the back translation accuracy confirms that the meaning is preserved as ""Hedge algorithm,"" ensuring semantic accuracy and contextual fit within the AI domain. 
```","['Hedge algorithm', 'Hedge algorithm', 'Hedge algorithm', 'Hedge algorithm', 'Hedging algorithm']"
7,Iverson bracket,"[{'word': 'скобка Айверсона', 'ratio': 0.5}, {'word': 'скобки Айверсона', 'ratio': 0.375}, {'word': 'Скобки Айверсона', 'ratio': 0.125}]",Скобки Айверсона,скобка Айверсона,"```
1. Candidate: ""Скобки Айверсона""
2. Explanation: The term ""Iverson bracket"" in the context of AI and mathematics refers to a notation used to denote a condition that evaluates to 1 if true and 0 if false. The translation ""Скобки Айверсона"" accurately captures the plural form of ""brackets,"" which is consistent with the mathematical usage of the term. The back translation ""Iverson brackets"" maintains the original meaning, ensuring semantic accuracy and contextual fit within the AI domain. The use of ""скобки"" (brackets) is more appropriate than ""кронштейн"" (bracket) or ""скобка"" (brace), as it aligns with the conventional mathematical notation in Russian.
```","['Iverson bracket', 'Iverson brackets', 'Iverson brace', 'Iverson braces']"
8,Lexical Functional Grammar,"[{'word': 'Лексико-функциональная грамматика', 'ratio': 0.8888888888888888}, {'word': 'Лексическая функциональная грамматика', 'ratio': 0.1111111111111111}]",Лексическая функциональная грамматика,Лексико-функциональная грамматика,"```
1. Candidate: ""Лексическая функциональная грамматика""
2. Explanation: The term ""Лексическая функциональная грамматика"" is the best fit because it accurately reflects the original English term ""Lexical Functional Grammar"" in both semantic and syntactic contexts. The word ""Лексическая"" directly translates to ""Lexical,"" and ""функциональная"" translates to ""Functional,"" maintaining the integrity of the original term. This translation is widely accepted in the AI and linguistic communities when referring to this specific syntactic formalism, ensuring that the domain-specific usage is preserved. The back translation also aligns perfectly with the original term, confirming its accuracy and contextual fit.
```","['Lexico-functional grammar', 'Lexical functional grammar']"
9,Libratus,"[{'word': 'Libratus', 'ratio': 0.6666666666666666}, {'word': 'Либратус', 'ratio': 0.2222222222222222}, {'word': 'Весы', 'ratio': 0.1111111111111111}]",Либратус,Libratus,"```
1. Candidate: ""Либратус""

2. Explanation: The best translation candidate is ""Либратус"" because it maintains the original name of the AI system, which is crucial for preserving the identity and recognition of the technology in the AI domain. Proper nouns, especially those related to specific AI systems or algorithms, are typically transliterated rather than translated to ensure consistency and accuracy across languages. This approach avoids confusion and maintains the integrity of the term within the context of AI research and literature. The other candidate, ""Весы"" (meaning ""Scales""), is not appropriate as it translates the term into a common noun unrelated to the AI system's identity or function.
```","['Libratus', 'Libratus', 'Scales']"
10,Markov game,"[{'word': 'марковская игра', 'ratio': 0.6}, {'word': 'Марковская игра', 'ratio': 0.2}, {'word': 'игра Маркова', 'ratio': 0.1}, {'word': 'Markov game марковская игра', 'ratio': 0.1}]",Марковская игра,марковская игра,"```
1. Candidate: ""Марковская игра""
2. Explanation: ""Марковская игра"" is the best translation candidate because it accurately captures the concept of a ""Markov game"" in the context of AI and game theory. The term ""Марковская"" is the correct adjectival form in Russian for ""Markov,"" maintaining the connection to the Markov processes that underpin the game's structure. This translation is semantically accurate and aligns well with the domain-specific usage, as it conveys the idea of a game involving stochastic processes and decision-making over time, which is central to the concept of a Markov game. Additionally, the back translation to ""Markov game"" confirms its accuracy and contextual fit.
```","['Markov game', 'Markov game', 'Markov game', 'Markov game']"
11,Markov logic network,"[{'word': 'Сеть логики Маркова', 'ratio': 0.5}, {'word': 'сеть логики Маркова', 'ratio': 0.3}, {'word': 'логическая сеть Маркова', 'ratio': 0.1}, {'word': 'Сеть Маркова на логике', 'ratio': 0.1}]",Марковская логическая сеть,Сеть логики Маркова,"```
1. Candidate: ""Марковская логическая сеть""
2. Explanation: ""Марковская логическая сеть"" is the best fit because it directly translates to ""Markov logic network"" and maintains the semantic structure of the original term. In the AI domain, it is crucial to preserve the order and relationship of terms to ensure clarity and accuracy. This candidate accurately reflects the concept of a network based on Markov logic, which is essential for understanding the context of weighted first-order clauses and their role in defining a Markov network. The back translation also confirms its accuracy and contextual fit.
```","['Markov network on logic', 'Markov logic network', 'Markov logic network', 'Markov logic network', 'Markov logic network']"
12,Natural Language Inference,"[{'word': 'вывод на основе естественного языка', 'ratio': 0.5555555555555556}, {'word': 'вывод естественного языка', 'ratio': 0.1111111111111111}, {'word': 'вывод на естественном языке', 'ratio': 0.1111111111111111}, {'word': 'Вывод на естественном языке', 'ratio': 0.1111111111111111}, {'word': 'Вывод на основе естественного языка', 'ratio': 0.1111111111111111}]",Вывод на основе естественного языка,вывод на основе естественного языка,"```
1. Candidate: ""Вывод на основе естественного языка""

2. Explanation: The candidate ""Вывод на основе естественного языка"" is the best fit because it accurately captures the concept of ""Natural Language Inference"" in the context of AI. The term ""вывод"" (inference) is crucial as it denotes the process of deriving logical conclusions, which aligns with the AI task of determining relationships between statements. The phrase ""на основе естественного языка"" (based on natural language) correctly conveys that this inference is derived from natural language data, maintaining the semantic integrity of the original term. Additionally, the back translation ""Natural language inference"" confirms the accuracy and contextual fit of the translation within the AI domain.
```","['Natural language output', 'natural language inference', 'natural language output', 'natural language inference', 'Natural language inference', 'Natural language inference']"
13,Natural Language Processing,"[{'word': 'обработка естественного языка', 'ratio': 0.6666666666666666}, {'word': 'Обработка естественного языка', 'ratio': 0.3333333333333333}]",Обработка естественного языка,обработка естественного языка,"```
1. Candidate: Обработка естественного языка
2. Explanation: The candidate ""Обработка естественного языка"" is the best fit for translating ""Natural Language Processing"" in the context of AI. This translation is widely accepted and used in the Russian-speaking AI community. It accurately conveys the concept of processing human language using computational methods, which is central to the field of NLP. The back translation to ""Natural Language Processing"" confirms its semantic accuracy and contextual fit, ensuring that the term is understood in the same way as in English within the AI domain.
```","['Natural Language Processing', 'natural language processing']"
14,Rademacher complexity,"[{'word': 'сложность Радемахера', 'ratio': 0.6}, {'word': 'сложность Радамacherа', 'ratio': 0.2}, {'word': 'сложность радемахера', 'ratio': 0.1}, {'word': 'сложность Радамахера', 'ratio': 0.1}]",Сложность Радемахера,сложность Радемахера,"```
1. Candidate: ""Сложность Радемахера""
2. Explanation: The candidate ""Сложность Радемахера"" is the best fit because it accurately preserves the original term ""Rademacher complexity"" in both semantic and phonetic aspects. The term ""Rademacher"" is a proper noun referring to a specific mathematical concept used in statistical learning theory, and it is crucial to maintain its integrity in translation. This candidate also matches the back translation perfectly, ensuring that the term remains recognizable and consistent with its usage in the AI domain. The capitalization of ""Радемахера"" aligns with the standard practice of capitalizing proper nouns in Russian, further supporting its appropriateness in a technical context.
```","['Rademacher complexity', 'Radamacher complexity', 'Rademacher complexity', 'Radamacher difficulty', 'Rademacher complexity']"
15,Sparse reconstruction,"[{'word': 'разреженная реконструкция', 'ratio': 0.6}, {'word': 'Разреженная реконструкция', 'ratio': 0.3}, {'word': 'разрежённая реконструкция', 'ratio': 0.1}]",Разреженная реконструкция,разреженная реконструкция,"```
1. Candidate: ""Разреженная реконструкция""
2. Explanation: The term ""Sparse reconstruction"" in the context of AI and computer vision refers to the process of reconstructing a scene or object using a limited amount of data, often focusing on key features or points. The translation ""Разреженная реконструкция"" accurately captures this meaning, as ""разреженная"" conveys the idea of sparsity or being spread out, which is semantically aligned with the concept of using minimal data for reconstruction. The back translation also matches perfectly, indicating that the term retains its intended meaning in both languages, making it the best fit for domain-specific usage.
```","['Sparse reconstruction', 'sparse reconstruction', 'sparse reconstruction']"
16,Spearman's correlation coefficient,"[{'word': 'коэффициент корреляции Спирмена', 'ratio': 0.9}, {'word': 'Коэффициент корреляции Спирмена', 'ratio': 0.1}]",Коэффициент корреляции Спирмена,коэффициент корреляции Спирмена,"```
1. Candidate: ""Коэффициент корреляции Спирмена""
2. Explanation: The candidate ""Коэффициент корреляции Спирмена"" is the best fit because it accurately reflects the established Russian terminology for ""Spearman's correlation coefficient"" in statistical and AI contexts. The back translation ""Spearman correlation coefficient"" confirms that the semantic meaning is preserved. This term is widely recognized in Russian academic and professional circles, ensuring clarity and precision in AI-related discussions.
```","['Spearman correlation coefficient', 'Spearman correlation coefficient']"
17,Support Vector Machine,"[{'word': 'Метод опорных векторов', 'ratio': 0.8888888888888888}, {'word': 'метод опорных векторов', 'ratio': 0.1111111111111111}]",метод опорных векторов,Метод опорных векторов,"```
1. Candidate: метод опорных векторов
2. Explanation: ""Метод опорных векторов"" is the most semantically accurate and contextually appropriate translation for ""Support Vector Machine"" in the AI domain. This term is widely recognized and used in Russian academic and professional literature related to machine learning and AI. It accurately conveys the concept of a method or technique involving support vectors, which aligns with the original English term. The back translation also matches perfectly, ensuring that the meaning is preserved when translated back to English.
```","['support vector machine', 'Support Vector Machine', 'Support Vector Machine']"
18,answer span,"[{'word': 'диапазон ответа', 'ratio': 0.9}, {'word': 'интервал ответа', 'ratio': 0.1}]",интервал ответа,диапазон ответа,"```
1. Candidate: ""интервал ответа""
2. Explanation: The term ""answer span"" in the context of AI and natural language processing refers to a specific segment of text that contains the answer to a given question. The translation ""интервал ответа"" (response interval) captures this meaning more accurately than ""диапазон ответа"" or ""диапазон ответов,"" which suggest a range or variety of responses rather than a specific segment. ""Интервал"" implies a defined start and end, aligning well with the concept of a span in text, making it the best fit for the AI domain-specific usage.
```","['response range', 'response range', 'response interval']"
19,autodiff,"[{'word': 'автодифференцирование', 'ratio': 0.7}, {'word': 'автоматическое дифференцирование', 'ratio': 0.2}, {'word': 'автодифференциация', 'ratio': 0.1}]",автоматическое дифференцирование,автодифференцирование,"```
1. Candidate: ""автоматическое дифференцирование""
2. Explanation: ""Автоматическое дифференцирование"" is the best fit because it accurately captures the concept of ""autodiff"" in the context of AI and machine learning. This term is widely used in the Russian-speaking AI community to describe the process of automatically computing derivatives, which is essential for tasks like optimizing neural networks. The back translation ""automatic differentiation"" aligns well with the original English term, ensuring semantic accuracy and contextual fit.
```","['autodifferentiation', 'auto differential', 'automatic differentiation', 'autodifferentiation']"
20,backbone network,"[{'word': 'основная сеть', 'ratio': 0.6}, {'word': 'базовая сеть', 'ratio': 0.1}, {'word': 'сеть основного узла', 'ratio': 0.1}, {'word': 'сеть основы', 'ratio': 0.1}, {'word': 'сеть-основа', 'ratio': 0.1}]",магистральная сеть,основная сеть,"```
1. Candidate: ""магистральная сеть""
2. Explanation: The term ""магистральная сеть"" is the best fit for translating ""backbone network"" in the context of AI and neural networks. In the AI domain, a ""backbone network"" refers to the main structure or framework that processes input data and extracts features, which aligns with the concept of a ""магистральная сеть"" as a primary or main network. This translation maintains semantic accuracy and is commonly used in technical contexts to describe the core network infrastructure, ensuring that the meaning is preserved in both languages. Additionally, the back translation to ""backbone network"" confirms its contextual fit and accuracy.
```","['backbone network', 'backbone network', 'core network', 'main node network', 'main network', 'network basics']"
21,big-O notation,"[{'word': 'нотация большого O', 'ratio': 0.6}, {'word': 'нотация Большого О', 'ratio': 0.1}, {'word': 'нотация «большое О»', 'ratio': 0.1}, {'word': 'нотация ""большое O""', 'ratio': 0.1}, {'word': 'нотация большого О', 'ratio': 0.1}]",нотация «большое О»,нотация большого O,"```
1. Candidate: ""нотация «большое О»""
2. Explanation: This candidate is the best fit because it accurately captures the term ""big-O notation"" in a way that is commonly used in Russian mathematical and computer science literature. The use of the word ""нотация"" (notation) aligns with the technical nature of the term, and the phrase «большое О» is a direct and clear translation of ""big O,"" maintaining the original meaning and context. The back translation to ""big O notation"" confirms its semantic accuracy and contextual fit within the AI domain.
```","['big O notation', '""Big O"" designation', 'big O notation', 'big O notation', 'Big O notation', '""big O"" notation']"
22,constraint set,"[{'word': 'множество ограничений', 'ratio': 1.0}]",набор ограничений,множество ограничений,"```
1. Candidate: набор ограничений
2. Explanation: The term ""набор ограничений"" translates back to ""set of constraints,"" which closely matches the original English term ""constraint set."" In the context of AI and mathematical optimization, ""constraint set"" refers to a specific set of conditions or limits applied to a problem or model. The candidate ""набор ограничений"" accurately captures this meaning, maintaining the technical nuance required in AI terminology. The alternative ""множество ограничений"" translates back to ""many restrictions,"" which implies a different meaning and lacks the precision needed for the context of defining a specific set of constraints in an experiment.
```","['many restrictions', 'set of constraints']"
23,convexity,"[{'word': 'выпуклость', 'ratio': 0.9}, {'word': 'Выпуклость', 'ratio': 0.1}]",Выпуклость,выпуклость,"```
1. Candidate: ""Выпуклость""
2. Explanation: The term ""выпуклость"" is the correct translation for ""convexity"" in the context of optimization problems and mathematical functions, which are common in AI and machine learning. In the AI domain, ""convexity"" refers to properties of functions or sets that ensure certain optimization problems are easier to solve. The back translation ""convex"" aligns well with the original English term, maintaining the semantic accuracy needed for discussions about mathematical properties in AI. The use of ""выпуклость"" is standard in Russian mathematical and AI literature, ensuring that the translation is both contextually and technically appropriate.
```","['Convex', 'convex']"
24,convolution layer,"[{'word': 'сверточный слой', 'ratio': 0.7}, {'word': 'свёрточный слой', 'ratio': 0.2}, {'word': 'слой свертки', 'ratio': 0.1}]",свёрточный слой,сверточный слой,"```
1. Candidate: ""свёрточный слой""
2. Explanation: The term ""свёрточный слой"" is the best fit for translating ""convolution layer"" in the context of AI and neural networks. This term is widely used in Russian technical literature and accurately conveys the concept of a layer in a neural network that performs convolution operations. The back translation ""convolutional layer"" closely matches the original English term, ensuring semantic accuracy and contextual fit. Additionally, the use of ""свёрточный"" aligns with the standard terminology in the AI domain, making it the most appropriate choice for conveying the intended meaning in both provided contexts.
```","['convolutional layer', 'convolution layer', 'convolutional layer']"
25,covariate shift,"[{'word': 'смещение ковариат', 'ratio': 0.7}, {'word': 'covariate shift смещение ковариат', 'ratio': 0.1}, {'word': 'сдвиг ковариат', 'ratio': 0.1}, {'word': 'Сдвиг ковариат', 'ratio': 0.1}]",ковариатный сдвиг,смещение ковариат,"```
1. Candidate: ""ковариатный сдвиг""
2. Explanation: The term ""ковариатный сдвиг"" is the best fit because it directly translates to ""covariate shift,"" maintaining both the semantic and contextual accuracy needed in the AI domain. This term is widely recognized in the Russian-speaking AI community and accurately conveys the concept of changes in the distribution of input features (covariates) between training and test datasets, which is crucial for understanding model generalization and adaptation challenges. The back translation also aligns perfectly with the original English term, ensuring consistency and clarity in communication.
```","['covariate bias', 'covariate shift', 'shift of covariates', 'covariate shift', 'Shift of covariates']"
26,cross entropy,"[{'word': 'кросс-энтропия', 'ratio': 0.7}, {'word': 'перекрестная энтропия', 'ratio': 0.2}, {'word': 'Кросс-энтропия', 'ratio': 0.1}]",перекрестная энтропия,кросс-энтропия,"```
1. Candidate: перекрестная энтропия
2. Explanation: The term ""перекрестная энтропия"" is the most semantically accurate translation for ""cross entropy"" in the context of AI and machine learning. It directly translates to ""cross entropy"" and is widely used in Russian technical literature to describe the concept of cross entropy in statistical models and neural networks. The other candidates, ""Кросс-энтропия"" and ""кросс-энтропия,"" are transliterations rather than translations, which might not convey the precise meaning in a technical context. ""Перекрестная энтропия"" ensures clarity and understanding for Russian-speaking audiences familiar with AI terminology.
```","['Cross entropy', 'cross entropy', 'cross entropy']"
27,cycle inequality,"[{'word': 'циклическая неравенство', 'ratio': 0.7}, {'word': 'циклическое неравенство', 'ratio': 0.2}, {'word': 'циклические неравенства', 'ratio': 0.1}]",неравенство цикла,циклическая неравенство,"```
1. Candidate: неравенство цикла

2. Explanation: The term ""cycle inequality"" in the context of AI and mathematical optimization refers to a specific type of inequality related to cycles in graph theory, particularly in the study of polytopes and optimization problems. The candidate ""неравенство цикла"" directly translates to ""cycle inequality,"" maintaining the precise meaning and context of the original term. This translation is semantically accurate as it preserves the technical specificity required in the AI domain, where the term is used to describe a class of inequalities related to cycles in graphs. The back translation also confirms the accuracy, as it returns to ""cycle inequality,"" ensuring contextual fit and domain-specific usage.
```","['cyclical inequality', 'cycle inequality', 'cyclic inequalities', 'cyclic inequality']"
28,decision stumps,"[{'word': 'решающие пни', 'ratio': 0.6}, {'word': 'Деревья решений', 'ratio': 0.1}, {'word': 'Решающие пни', 'ratio': 0.1}, {'word': 'решения слабыми классификаторами', 'ratio': 0.1}, {'word': 'древовидные решатели', 'ratio': 0.1}]",Решающие пни,решающие пни,"```
1. Candidate: ""Решающие пни""
2. Explanation: The term ""decision stumps"" in the context of AI refers to a simple decision tree with only one level, which is used as a weak classifier. The translation ""Решающие пни"" is a direct and semantically accurate translation of ""decision stumps,"" capturing the essence of the term as used in machine learning. It maintains the metaphorical nature of the original term, which is important for conveying the concept of a simple, foundational decision-making tool. The back translation ""Decisive stumps"" closely aligns with the original term, ensuring contextual fit and preserving the intended meaning within the AI domain.
```","['decisive stumps', 'tree solvers', 'solutions with weak classifiers', 'the decision is baffling', 'Decision trees', 'Decisive stumps']"
29,deep layer,"[{'word': 'глубокий слой', 'ratio': 0.9}, {'word': 'Глубокий слой', 'ratio': 0.1}]",Глубокий слой,глубокий слой,"```
1. Candidate: ""Глубокий слой""
2. Explanation: The translation ""Глубокий слой"" is the best fit because it accurately captures the concept of ""deep layer"" in the context of AI and neural networks. In AI terminology, ""deep"" often refers to the depth of layers in a neural network, which is crucial for understanding how information is processed and transformed. The back translation ""Deep layer"" confirms that the semantic meaning is preserved, ensuring that the term is understood correctly in both languages. This translation aligns well with the domain-specific usage, where ""deep layers"" are integral to the architecture and functioning of deep learning models.
```","['Deep layer', 'deep layer']"
30,dense network,"[{'word': 'плотная сеть', 'ratio': 0.8}, {'word': 'Плотная сеть', 'ratio': 0.1}, {'word': 'dense network плотная сеть', 'ratio': 0.1}]",Плотная сеть,плотная сеть,"```
1. Candidate: ""Плотная сеть""
2. Explanation: ""Плотная сеть"" is the best translation candidate because it accurately captures the concept of a ""dense network"" in the AI domain, where ""dense"" refers to a network with fully connected layers, as opposed to a sparse network. The back translation ""Dense network"" confirms the semantic accuracy and contextual fit, ensuring that the term is understood correctly in both languages within the context of AI and machine learning.
```","['Dense network', 'dense network', 'dense network']"
31,depth estimation,"[{'word': 'оценка глубины', 'ratio': 0.9}, {'word': 'Оценка глубины', 'ratio': 0.1}]",Оценка глубины,оценка глубины,"```
1. Candidate: Оценка глубины
2. Explanation: ""Оценка глубины"" is the best translation candidate because it accurately captures the concept of ""depth estimation"" in the context of AI and computer vision. The term ""оценка"" (estimation) is commonly used in Russian to describe the process of evaluating or calculating a certain parameter, which aligns well with the technical process of estimating depth in images or video data. Additionally, the back translation ""Depth estimation"" confirms that the semantic meaning is preserved, ensuring contextual fit within the AI domain.
```","['Depth estimation', 'depth estimation']"
32,dialogue generation,"[{'word': 'генерация диалога', 'ratio': 0.5}, {'word': 'генерация диалогов', 'ratio': 0.3}, {'word': 'Генерация диалогов', 'ratio': 0.1}, {'word': 'генерация диалоговистория диалога', 'ratio': 0.1}]",генерация диалогов,генерация диалога,"```
1. Candidate: ""генерация диалогов""
2. Explanation: ""Генерация диалогов"" is the best translation candidate because it accurately captures the concept of generating dialogues in a plural form, which is consistent with the AI domain's focus on creating multiple dialogue instances or sequences. The back translation ""dialog generation"" closely aligns with the original English term ""dialogue generation,"" ensuring semantic accuracy and contextual fit. The plural form ""диалогов"" is appropriate as it reflects the generation of multiple dialogues, which is often the case in AI applications involving dialogue systems.
```","['dialog generation', 'dialogue generation dialogue history', 'dialogue generation', 'Dialogue generation']"
33,dialogue system,"[{'word': 'диалоговая система', 'ratio': 0.7}, {'word': 'Диалоговая система', 'ratio': 0.1}, {'word': 'пара вход-выход', 'ratio': 0.1}, {'word': 'система диалога', 'ratio': 0.1}]",Диалоговая система,диалоговая система,"```
1. Candidate: ""Диалоговая система""
2. Explanation: ""Диалоговая система"" is the best translation candidate because it directly translates to ""dialogue system"" and is widely used in the AI domain to refer to systems that manage and process conversational interactions. The term accurately captures the concept of a system designed to handle dialogues, which aligns with the context provided, where the system deals with speech recognition and conversation management. The back translation also confirms its accuracy, maintaining the original meaning without introducing ambiguity.
```","['Dialogue system', 'input-output pair', 'dialogue system', 'dialogue system']"
34,document-level,"[{'word': 'уровень документа', 'ratio': 0.7}, {'word': 'на уровне документа', 'ratio': 0.2}, {'word': 'Уровень документа', 'ratio': 0.1}]",на уровне документа,уровень документа,"```
1. Candidate: ""на уровне документа""
2. Explanation: The phrase ""на уровне документа"" translates back to ""at the document level,"" which accurately captures the intended meaning in the context of AI and NLP. This candidate emphasizes the scope or granularity of analysis or processing, which is crucial in AI terminology when discussing document-level tasks or datasets. The other candidates, ""Уровень документа"" and ""уровень документа,"" translate back to ""Document level"" and ""document level,"" respectively, which might imply a more static or categorical interpretation rather than a dynamic or process-oriented one. Therefore, ""на уровне документа"" is the best fit for conveying the intended meaning in the AI domain-specific context.
```","['at the document level', 'Document level', 'document level']"
35,encoder model,"[{'word': 'модель кодировщика', 'ratio': 0.8}, {'word': 'модель энкодера', 'ratio': 0.2}]",модель энкодера,модель кодировщика,"```
1. Candidate: ""модель энкодера""
2. Explanation: The term ""модель энкодера"" is the best fit for translating ""encoder model"" in the context of AI and machine learning. In the AI domain, ""энкодер"" is a widely accepted transliteration of ""encoder,"" which maintains the technical specificity and familiarity for Russian-speaking professionals. This term is commonly used in Russian technical literature and discussions about neural networks and machine learning architectures, ensuring semantic accuracy and contextual fit. The back translation also accurately returns to ""encoder model,"" confirming its appropriateness in both languages.
```","['encoder model', 'encoder model', 'encoder model']"
36,graph construction,"[{'word': 'построение графа', 'ratio': 0.6666666666666666}, {'word': 'конструкция графа', 'ratio': 0.1111111111111111}, {'word': 'Построение графа', 'ratio': 0.1111111111111111}, {'word': 'Конструкция графа', 'ratio': 0.1111111111111111}]",Построение графа,построение графа,"```
1. Candidate: Построение графа
2. Explanation: ""Построение графа"" is the best translation candidate because it accurately captures the process-oriented nature of ""graph construction"" in the context of AI and algorithmic procedures. The term ""построение"" (construction) implies the act of building or creating, which aligns with the context of constructing a graph to solve binary subproblems effectively. This translation maintains semantic accuracy and is consistent with domain-specific usage in AI, where constructing graphs is a common task. The back translation also matches perfectly, ensuring contextual fit.
```","['Graph construction', 'graph construction', 'graph construction', 'Graph construction']"
37,image-text pre-training,"[{'word': 'предварительное обучение на изображениях и текстах', 'ratio': 0.5}, {'word': 'предварительное обучение на основе изображений и текста', 'ratio': 0.2}, {'word': 'предварительное обучение на паре изображений и текста', 'ratio': 0.1}, {'word': 'предварительное обучение на паре изображение-текст', 'ratio': 0.1}, {'word': 'предтренировка на основе изображений и текста', 'ratio': 0.1}]",предварительное обучение на основе изображений и текста,предварительное обучение на изображениях и текстах,"```
1. Candidate: ""предварительное обучение на основе изображений и текста""
2. Explanation: This candidate is the best fit because it accurately captures the concept of ""pre-training"" in the context of AI, where models are trained on datasets that include both images and text. The phrase ""на основе"" (based on) effectively conveys the idea that the training process utilizes both images and text as foundational elements, aligning well with the original English term ""image-text pre-training."" Additionally, the back translation ""pre-training based on images and text"" maintains the intended meaning without introducing any ambiguity, ensuring semantic accuracy and contextual fit within the AI domain.
```","['preliminary training on image-text pair', 'pre-training based on images and text', 'pre-training on images and texts', 'pre-training image and text', 'pre-training on a pair of images and text', 'pre-workout based on images and text']"
38,indicator vector,"[{'word': 'вектор индикаторов', 'ratio': 0.8}, {'word': 'Индикаторный вектор', 'ratio': 0.1}, {'word': 'индикаторный вектор', 'ratio': 0.1}]",индикаторный вектор,вектор индикаторов,"```
1. Candidate: индикаторный вектор
2. Explanation: The term ""индикаторный вектор"" is the best fit for translating ""indicator vector"" in the context of AI and mathematical formulations. This choice maintains the semantic accuracy and aligns well with the domain-specific usage. In the context of AI, an ""indicator vector"" often refers to a vector used to represent certain states or conditions, such as partitions in a graph or constraints in optimization problems. The term ""индикаторный"" is an adjective form that directly modifies ""вектор,"" preserving the technical meaning and ensuring clarity in mathematical and AI-related contexts. Additionally, the back translation to ""indicator vector"" confirms its accuracy and appropriateness in the given context.
```","['indicator vector', 'indicator vector', 'Indicator vector', 'indicator vector']"
39,inference algorithm,"[{'word': 'алгоритм вывода', 'ratio': 0.8888888888888888}, {'word': 'алгоритм инференции', 'ratio': 0.1111111111111111}]",алгоритм инференции,алгоритм вывода,"```
1. Candidate: алгоритм инференции
2. Explanation: The term ""алгоритм инференции"" is the best fit for translating ""inference algorithm"" in the context of AI. In the AI domain, ""инференция"" is commonly used to refer to the process of drawing conclusions or making predictions based on a model, which aligns with the concept of inference in machine learning and probabilistic models. The back translation also accurately returns ""inference algorithm,"" indicating a strong semantic match. On the other hand, ""алгоритм вывода"" could be interpreted more broadly as ""output algorithm"" or ""deduction algorithm,"" which might not capture the specific AI-related connotation of ""inference"" as used in the context of machine learning and probabilistic reasoning.
```","['inference algorithm', 'inference algorithm']"
40,inference process,"[{'word': 'процесс вывода', 'ratio': 0.9}, {'word': 'Процесс вывода', 'ratio': 0.1}]",Процесс вывода,процесс вывода,"```
1. Candidate: Процесс вывода
2. Explanation: The term ""Процесс вывода"" is the best fit for translating ""inference process"" in the context of AI. In AI, ""inference"" refers to the process of deriving logical conclusions from available data, which aligns with the Russian term ""вывод"" meaning ""conclusion"" or ""deduction."" Although the back translation ""withdrawal process"" might seem misleading, in the AI domain, ""вывод"" is commonly used to describe the process of making inferences or predictions based on a model, making it semantically accurate for the given context.
```","['Withdrawal process', 'withdrawal process']"
41,influence diagram,"[{'word': 'диаграмма влияния', 'ratio': 0.8888888888888888}, {'word': 'Диаграмма влияния', 'ratio': 0.1111111111111111}]",Диаграмма влияния,диаграмма влияния,"```
1. Candidate: ""Диаграмма влияния""
2. Explanation: ""Диаграмма влияния"" is the best translation candidate because it accurately captures the concept of an ""influence diagram"" as used in decision theory and AI contexts. The term ""влияние"" directly translates to ""influence,"" maintaining the semantic integrity of the original term. Additionally, the back translation to ""Influence diagram"" confirms its accuracy and contextual fit, ensuring that the term is understood in the same way in both English and Russian within the AI domain. This translation is widely recognized in Russian literature on decision analysis and graphical models, making it the most appropriate choice for conveying the intended meaning in the context of AI and decision-theoretic policies.
```","['Influence diagram', 'influence diagram']"
42,information theoretic,"[{'word': 'информационно-теоретический', 'ratio': 0.8}, {'word': 'информационно-технический', 'ratio': 0.1}, {'word': 'теоретико-информационный', 'ratio': 0.1}]",теоретико-информационный,информационно-теоретический,"```
1. Candidate: теоретико-информационный
2. Explanation: The term ""information theoretic"" in the context of AI and machine learning often refers to concepts and methods derived from information theory, which is a mathematical framework for quantifying information. The candidate ""теоретико-информационный"" directly translates to ""information-theoretic,"" maintaining the semantic accuracy and domain-specific usage. It accurately reflects the theoretical aspect of information theory as applied in AI contexts, such as measuring information gain or contribution, which aligns with the examples provided. The back translation also confirms its fit, as it returns to ""information-theoretic,"" ensuring consistency and precision in the translation.
```","['information-theoretical', 'information technology', 'information-theoretic', 'information theory']"
43,infoset,"[{'word': 'информационный набор', 'ratio': 0.6}, {'word': 'инфосет', 'ratio': 0.3}, {'word': 'информационное множество', 'ratio': 0.1}]",информационное множество,информационный набор,"```
1. Candidate: ""информационное множество""
2. Explanation: The term ""информационное множество"" is the best fit for translating ""infoset"" in the context of game theory and AI. In the domain of game theory, an ""infoset"" refers to a set of game states that are indistinguishable to a player, which aligns with the concept of a ""set"" or ""множество"" in Russian. This translation maintains semantic accuracy and is commonly used in academic and technical literature related to game theory, ensuring that the term is understood correctly in the context of AI and strategic decision-making. The back translation to ""information set"" also confirms its appropriateness, as it closely matches the original English term and its intended meaning.
```","['information set', 'information set', 'infoset']"
44,interaction matrix,"[{'word': 'матрица взаимодействия', 'ratio': 0.8}, {'word': 'матрица взаимодействий', 'ratio': 0.2}]",матрица взаимодействий,матрица взаимодействия,"```
1. Candidate: матрица взаимодействий
2. Explanation: The term ""матрица взаимодействий"" is the best fit for translating ""interaction matrix"" in the context of AI and machine learning. In Russian, ""взаимодействий"" is the plural form, which accurately reflects the multiple interactions between users and items in a bipartite graph, as described in the context. This plural form captures the essence of the matrix being composed of numerous interactions, aligning well with the domain-specific usage where multiple user-item interactions are considered. The back translation to ""interaction matrix"" confirms its semantic accuracy and contextual fit.
```","['interaction matrix', 'interaction matrix']"
45,lambda calculus,"[{'word': 'λ-исчисление', 'ratio': 0.6}, {'word': 'лямбда-исчисление', 'ratio': 0.2}, {'word': 'исчисление λ', 'ratio': 0.1}, {'word': 'ламбда-исчисление', 'ratio': 0.1}]",лямбда-исчисление,λ-исчисление,"```
1. Candidate: ""лямбда-исчисление""
2. Explanation: ""лямбда-исчисление"" is the best translation candidate because it directly translates to ""lambda calculus"" and is widely recognized in Russian academic and technical literature related to computer science and mathematical logic. This term maintains the semantic accuracy and is commonly used in the AI domain to refer to the formal system in mathematical logic and computer science for expressing computation based on function abstraction and application. The back translation also accurately returns to ""lambda calculus,"" ensuring contextual fit and consistency with the original English term.
```","['lambda calculus', 'calculus λ', 'λ-calculus', 'lambda calculus']"
46,linear discriminant analysis,"[{'word': 'линейный дискриминантный анализ', 'ratio': 0.9}, {'word': 'Линейный дискриминантный анализ', 'ratio': 0.1}]",Линейный дискриминантный анализ,линейный дискриминантный анализ,"```
1. Candidate: Линейный дискриминантный анализ
2. Explanation: The candidate ""Линейный дискриминантный анализ"" is the best fit because it is the standard translation for ""linear discriminant analysis"" in Russian, widely used in academic and professional contexts within the AI and statistical domains. The back translation perfectly matches the original English term, ensuring semantic accuracy and contextual fit. This term is well-recognized in the field and accurately conveys the concept of projecting data onto dimensions that best separate different classes, as described in the provided context.
```","['Linear discriminant analysis', 'linear discriminant analysis']"
47,multi-layer perceptron,"[{'word': 'многослойный перцептрон', 'ratio': 0.9}, {'word': 'Многослойный перцептрон', 'ratio': 0.1}]",Многослойный перцептрон,многослойный перцептрон,"```
1. Candidate: Многослойный перцептрон

2. Explanation: The term ""Многослойный перцептрон"" is the best translation for ""multi-layer perceptron"" in the context of AI and machine learning. This translation is widely accepted and used in Russian technical literature and accurately conveys the concept of a neural network model consisting of multiple layers of nodes. The back translation ""Multilayer Perceptron"" confirms the semantic accuracy and consistency with the original English term. Additionally, the use of ""Многослойный перцептрон"" aligns with the domain-specific terminology, ensuring that it is understood correctly by Russian-speaking professionals in the field of AI.
```","['Multilayer Perceptron', 'multilayer perceptron']"
48,multi-modal learning,"[{'word': 'многомодальное обучение', 'ratio': 0.6666666666666666}, {'word': 'мультимодальное обучение', 'ratio': 0.2222222222222222}, {'word': 'Много-модальное обучение', 'ratio': 0.1111111111111111}]",мультимодальное обучение,многомодальное обучение,"```
1. Candidate: ""мультимодальное обучение""
2. Explanation: The term ""мультимодальное обучение"" is the best fit for translating ""multi-modal learning"" in the context of AI. This translation is semantically accurate and widely accepted in the Russian AI community. It captures the essence of integrating multiple modes of data (such as text, image, and audio) in learning processes, which is a key aspect of multi-modal learning. The back translation to ""multimodal learning"" confirms its contextual fit and accuracy, ensuring that the original meaning is preserved. Additionally, this term aligns with established terminology used in Russian academic and technical literature on AI.
```","['multimodal learning', 'Multi-modal learning', 'multimodal learning']"
49,multivariate time series,"[{'word': 'многомерный временной ряд', 'ratio': 0.5}, {'word': 'Многомерный временной ряд', 'ratio': 0.2}, {'word': 'multivariate time series многомерный временной ряд', 'ratio': 0.1}, {'word': 'многомерные временные ряды', 'ratio': 0.1}, {'word': 'контролируемая донастройка', 'ratio': 0.1}]",многомерные временные ряды,многомерный временной ряд,"```
1. Candidate: ""многомерные временные ряды""
2. Explanation: The term ""многомерные временные ряды"" is the best fit for translating ""multivariate time series"" in the context of AI and data analysis. This candidate accurately captures the concept of multiple variables being observed over time, which is essential in the context of time series analysis. The plural form ""ряды"" aligns with the English term ""series,"" which is typically used in the plural when referring to data sets involving multiple variables. The back translation also confirms the semantic accuracy, as it directly translates back to ""multivariate time series,"" ensuring contextual fit and domain-specific usage.
```","['multivariate time series', 'multivariate time series', 'controlled adjustment', 'Multivariate time series', 'multivariate time series']"
50,online learning algorithm,"[{'word': 'алгоритм онлайн-обучения', 'ratio': 0.6666666666666666}, {'word': 'Алгоритм онлайн-обучения', 'ratio': 0.2222222222222222}, {'word': 'online learning algorithm - алгоритм онлайн-обучения', 'ratio': 0.1111111111111111}]",Алгоритм онлайн-обучения,алгоритм онлайн-обучения,"```
1. Candidate: ""Алгоритм онлайн-обучения""

2. Explanation: The candidate ""Алгоритм онлайн-обучения"" is the best fit because it directly translates to ""online learning algorithm"" without any loss of meaning or context. In the AI domain, ""online learning"" refers to algorithms that update their model incrementally as new data becomes available, rather than being trained on a fixed dataset. The term ""онлайн-обучения"" accurately captures this concept in Russian, maintaining the semantic integrity of the original English term. Additionally, the back translation confirms that the meaning is preserved, ensuring contextual fit in both languages.
```","['Online learning algorithm', 'online learning algorithm - online learning algorithm', 'online learning algorithm']"
51,orthographic camera model,"[{'word': 'ортографическая камера', 'ratio': 0.5555555555555556}, {'word': 'ортографическая модель камеры', 'ratio': 0.3333333333333333}, {'word': 'ортографическая камера модель', 'ratio': 0.1111111111111111}]",ортографическая модель камеры,ортографическая камера,"```
1. Candidate: ""ортографическая модель камеры""
2. Explanation: The term ""ортографическая модель камеры"" is the best fit because it accurately captures the concept of an ""orthographic camera model"" in the context of AI and computer vision. The term ""ортографическая"" correctly translates ""orthographic,"" which refers to a type of projection used in computer graphics where objects are represented without perspective distortion. The word ""модель"" translates to ""model,"" maintaining the technical aspect of the term. This candidate also aligns well with the back translation, ensuring semantic accuracy and contextual fit within the AI domain.
```","['orthographic camera model', 'orthogonal camera model', 'orthographic camera', 'orthographic camera model']"
52,partition,"[{'word': 'разбиение', 'ratio': 0.8}, {'word': 'Разбиение', 'ratio': 0.2}]",Разбиение,разбиение,"```
1. Candidate: Разбиение
2. Explanation: The term ""разбиение"" is the best fit for translating ""partition"" in the context of AI and graph theory. In this domain, ""partition"" refers to dividing a set, such as nodes in a graph, into distinct subsets. ""Разбиение"" accurately captures this meaning, as it is commonly used in mathematical and computational contexts to describe the division of a set into parts. The back translation ""partition"" confirms its semantic accuracy and contextual fit, making it the most appropriate choice for AI terminology.
```","['Splitting', 'chapter', 'partition']"
53,perceptual loss,"[{'word': 'перцептивные потери', 'ratio': 0.6}, {'word': 'перцептивная потеря', 'ratio': 0.2}, {'word': 'перцептивная ошибка', 'ratio': 0.1}, {'word': 'Перцептивные потери', 'ratio': 0.1}]",перцептивная ошибка,перцептивные потери,"```
1. Candidate: ""перцептивная ошибка""
2. Explanation: In the context of AI and machine learning, ""perceptual loss"" refers to a type of loss function used to measure the difference between high-level features of images, often used in tasks like image reconstruction or style transfer. The term ""перцептивная ошибка"" (perceptual error) captures the essence of this concept more accurately than the other candidates. ""Ошибка"" (error) aligns well with the notion of a loss function, which is essentially an error metric used to guide the optimization process. The other candidates, such as ""перцептивная потеря"" (perceptual loss) and ""потеря восприятия"" (loss of perception), do not convey the technical nuance of a loss function as effectively. Additionally, ""перцептивные потери"" (perceptual losses) is plural, which does not match the singular form used in the context provided. Therefore, ""перцептивная ошибка"" is the best fit for accurately conveying the AI domain-specific usage of ""perceptual loss.""
```","['perceptual loss', 'loss of perception', 'perceptual error', 'Perceptual losses', 'perceptual losses']"
54,pre-training task,"[{'word': 'задача предварительного обучения', 'ratio': 0.5}, {'word': 'задача предобучения', 'ratio': 0.4}, {'word': 'Задача предварительного обучения', 'ratio': 0.1}]",задача предобучения,задача предварительного обучения,"```
1. Candidate: ""задача предобучения""
2. Explanation: The term ""задача предобучения"" is the best fit because it directly translates to ""pretraining task,"" which accurately reflects the AI domain-specific usage. The term ""предобучение"" is widely used in the context of machine learning and AI to describe the process of training a model on a large dataset before fine-tuning it on a specific task. This candidate maintains both semantic accuracy and contextual fit, as evidenced by the back translation aligning perfectly with the original English term.
```","['pretraining task', 'pre-workout task', 'Pre-learning task', 'pre-learning task']"
55,primitive,"[{'word': 'примитив', 'ratio': 0.9}, {'word': 'Примитив', 'ratio': 0.1}]",Примитив,примитив,"```
1. Candidate: ""Примитив""
2. Explanation: The term ""Примитив"" is the best fit for translating ""primitive"" in the given AI context. In computer graphics and AI, ""primitive"" often refers to basic geometric shapes or fundamental elements used in modeling and simulations. The context provided discusses geometric modeling and action spaces, where ""Примитив"" accurately conveys the idea of basic building blocks or fundamental units. This term maintains semantic accuracy and aligns well with domain-specific usage, ensuring that the translation is both contextually appropriate and technically precise.
```","['Primitive', 'primitive', 'primitive']"
56,probabilistic inference,"[{'word': 'вероятностное вывод', 'ratio': 0.7}, {'word': 'вероятностное заключение', 'ratio': 0.1}, {'word': 'дерево зависимостей', 'ratio': 0.1}, {'word': 'вероятностное выведение', 'ratio': 0.1}]",вероятностное выведение,вероятностное вывод,"```
1. Candidate: вероятностное выведение
2. Explanation: The term ""вероятностное выведение"" is the best fit for ""probabilistic inference"" in the context of AI and machine learning. This translation accurately captures the process of drawing conclusions based on probability, which is central to probabilistic inference methods used in algorithms like Markov random fields and belief propagation. The back translation also aligns well with the original English term, ensuring semantic accuracy and contextual fit within the AI domain.
```","['probabilistic inference', 'probabilistic inference', 'probabilistic conclusion', 'probabilistic inference', 'dependency tree']"
57,prototype embedding,"[{'word': 'встраивание прототипа', 'ratio': 0.8}, {'word': 'встраивание прототипов', 'ratio': 0.2}]",встраивание прототипов,встраивание прототипа,"```
1. Candidate: ""встраивание прототипов""
2. Explanation: The term ""prototype embedding"" in the AI context refers to the process of integrating or representing prototypes within a model's feature space. The candidate ""встраивание прототипов"" accurately captures this meaning by using ""встраивание,"" which translates to ""embedding"" in the sense of integrating or incorporating. Additionally, ""прототипов"" is the plural form, aligning with the context where multiple prototypes are updated during training. This candidate maintains semantic accuracy and contextual fit, as confirmed by the back translation ""embedding prototypes,"" which closely matches the original English term.
```","['implementation of the prototype', 'embedding a prototype', 'embedding prototypes']"
58,recommendation system,"[{'word': 'система рекомендаций', 'ratio': 0.7}, {'word': 'рекомендательная система', 'ratio': 0.2}, {'word': 'Система рекомендаций', 'ratio': 0.1}]",рекомендательная система,система рекомендаций,"```
1. Candidate: ""рекомендательная система""
2. Explanation: The term ""рекомендательная система"" is the most semantically accurate and contextually appropriate translation for ""recommendation system"" in the AI domain. This term is widely used in Russian technical literature and aligns well with the English term's meaning, referring to systems that provide personalized suggestions based on user data. The back translation also accurately reflects the original term, ensuring consistency and clarity in both languages. Additionally, ""рекомендательная система"" is commonly used in discussions about algorithms and machine learning, making it the best fit for the given context.
```","['recommendation system', 'recommendation system', 'Recommendation system']"
59,softmax activation,"[{'word': 'активация софтмакс', 'ratio': 0.6666666666666666}, {'word': 'софтмакс активация', 'ratio': 0.1111111111111111}, {'word': 'Активация софтмакс', 'ratio': 0.1111111111111111}, {'word': 'Активация softmax', 'ratio': 0.1111111111111111}]",активация softmax,активация софтмакс,"```
1. Candidate: ""активация softmax""

2. Explanation: The candidate ""активация softmax"" is the best fit for translating ""softmax activation"" in the context of AI terminology. This choice maintains the original English term ""softmax"" in its transliterated form, which is common practice in Russian technical language to preserve the specificity and recognizability of established AI terms. The use of ""активация"" accurately translates ""activation,"" ensuring semantic accuracy. Additionally, the back translation perfectly matches the original term, confirming its contextual fit and correctness in the AI domain.
```","['Softmax activation', 'softmax activation', 'Softmax activation', 'softmax activation', 'softmax activation']"
60,softmax activation function,"[{'word': 'функция активации софтмакс', 'ratio': 0.7777777777777778}, {'word': 'Функция активации софтмакс', 'ratio': 0.1111111111111111}, {'word': 'Функция активации softmax', 'ratio': 0.1111111111111111}]",Функция активации softmax,функция активации софтмакс,"```
1. Candidate: ""Функция активации softmax""
2. Explanation: The candidate ""Функция активации softmax"" is the best fit because it maintains the original English term ""softmax"" in Latin script, which is a common practice in Russian technical literature to preserve the precise meaning and recognition of specialized terms. This approach ensures semantic accuracy and consistency with international AI terminology, facilitating better understanding among professionals familiar with the term in its original form. Additionally, the back translation perfectly matches the original English term, indicating a high level of contextual fit and accuracy.
```","['softmax activation function', 'softmax activation function', 'Softmax activation function', 'softmax activation function']"
61,spectral learning,"[{'word': 'спектральное обучение', 'ratio': 0.8}, {'word': 'Спектральное обучение', 'ratio': 0.2}]",Спектральное обучение,спектральное обучение,"```
1. Candidate: Спектральное обучение
2. Explanation: The term ""спектральное обучение"" is the best fit for translating ""spectral learning"" in the context of AI and machine learning. In the AI domain, ""spectral learning"" refers to methods that utilize spectral properties of matrices, such as eigenvalues and eigenvectors, to learn hidden structures or patterns in data. The Russian term ""спектральное обучение"" accurately captures this concept, as ""спектральное"" directly relates to spectral properties, and ""обучение"" means learning or training. The back translation ""spectral training"" is semantically close to the original term, maintaining the focus on the spectral aspect of the learning process, which is crucial for understanding the method's application in AI contexts.
```","['Spectral training', 'spectral training']"
62,stochastic differential equation,"[{'word': 'стохастическое дифференциальное уравнение', 'ratio': 0.8}, {'word': 'стоахастическое дифференциальное уравнение', 'ratio': 0.1}, {'word': 'Стохастическое дифференциальное уравнение', 'ratio': 0.1}]",Стохастическое дифференциальное уравнение,стохастическое дифференциальное уравнение,"```
1. Candidate: ""Стохастическое дифференциальное уравнение""
2. Explanation: The candidate ""Стохастическое дифференциальное уравнение"" is the best fit because it accurately translates the English term ""stochastic differential equation"" into Russian, maintaining both the semantic meaning and the technical specificity required in the AI domain. The term ""Стохастическое"" correctly conveys the concept of randomness or probability inherent in ""stochastic,"" and ""дифференциальное уравнение"" is the standard translation for ""differential equation,"" which is widely recognized in mathematical and scientific literature. This translation is consistent with the terminology used in Russian academic and technical contexts, ensuring clarity and precision in discussions related to stochastic processes and differential equations in AI research.
```","['Stochastic differential equation', 'stochastic differential equation', 'stochastic differential equation']"
63,super-resolution,"[{'word': 'суперразрешение', 'ratio': 0.8}, {'word': 'super-resolution - сверхразрешение', 'ratio': 0.1}, {'word': 'Суперразрешение', 'ratio': 0.1}]",сверхразрешение,суперразрешение,"```
1. Candidate: ""сверхразрешение""

2. Explanation: The term ""сверхразрешение"" is the best fit for translating ""super-resolution"" in the context of AI and image processing. In Russian, ""сверхразрешение"" is commonly used in technical and scientific literature to describe the process of enhancing the resolution of an image beyond its original capabilities, which aligns with the AI domain-specific usage. This term accurately conveys the concept of improving image fidelity and detail, as described in the provided context. Additionally, the back translation ""super resolution"" maintains the original meaning, ensuring semantic accuracy and contextual fit.
```","['super resolution', 'super-resolution - super resolution', 'Super resolution', 'super resolution']"
64,syntax,"[{'word': 'синтаксис', 'ratio': 0.7}, {'word': 'Синтаксис', 'ratio': 0.3}]",Синтаксис,синтаксис,"```
1. Candidate: ""Синтаксис""
2. Explanation: The term ""Синтаксис"" is the most semantically accurate translation for ""syntax"" in the context of AI and NLP. In both provided contexts, ""syntax"" refers to the structural rules governing the arrangement of words and phrases in sentences, which is a fundamental concept in natural language processing and computational linguistics. The Russian term ""Синтаксис"" directly corresponds to this meaning, maintaining the technical and domain-specific usage. The back translation to ""Syntax"" confirms its accuracy and appropriateness in the AI domain, ensuring that the term retains its intended meaning without introducing ambiguity.
```","['Syntax', 'syntax']"
65,temporal locality,"[{'word': 'временная локальность', 'ratio': 0.9}, {'word': 'Временная локальность', 'ratio': 0.1}]",Временная локальность,временная локальность,"```
1. Candidate: ""Временная локальность""
2. Explanation: The term ""temporal locality"" in the context of computer science and AI refers to the concept where recently accessed data is likely to be accessed again in the near future. The candidate ""Временная локальность"" is the best fit because it directly translates to ""Temporal locality,"" maintaining the technical meaning and context. The other candidates, ""временная местность"" and ""temporary terrain,"" do not capture the intended technical concept and instead suggest a geographical or non-technical interpretation, which is not suitable for the AI domain-specific usage.
```","['temporary terrain', 'temporary locality', 'Temporal locality']"
66,temporal variable,"[{'word': 'временная переменная', 'ratio': 0.8}, {'word': 'темпоральная переменная', 'ratio': 0.1}, {'word': 'Темпоральная переменная', 'ratio': 0.1}]",темпоральная переменная,временная переменная,"```
1. Candidate: ""темпоральная переменная""
2. Explanation: The term ""темпоральная переменная"" is the best fit because it directly translates to ""temporal variable,"" maintaining the semantic accuracy needed in the AI domain. The term ""темпоральная"" is a loanword from Latin, commonly used in scientific and technical contexts in Russian to denote time-related concepts, similar to its usage in English. This ensures that the term is understood in the context of scheduling problems and temporal analysis, aligning well with the original English term's meaning and usage.
```","['temporal variable', 'Temporal variable', 'temporary variable']"
67,test accuracy,"[{'word': 'точность тестирования', 'ratio': 0.5555555555555556}, {'word': 'точность на тестовых данных', 'ratio': 0.3333333333333333}, {'word': 'Тестовая точность', 'ratio': 0.1111111111111111}]",точность на тестовых данных,точность тестирования,"```
1. Candidate: ""точность на тестовых данных""
2. Explanation: The candidate ""точность на тестовых данных"" translates back to ""accuracy on test data,"" which closely aligns with the original English term ""test accuracy"" in the context of AI. This term is commonly used in AI and machine learning to refer to the accuracy of a model when evaluated on a separate test dataset. The phrase captures the essence of evaluating model performance on unseen data, which is crucial for assessing generalization in AI models. Other candidates like ""точность теста"" and ""Тестовая точность"" are less precise and could be interpreted in broader contexts outside of AI, while ""точность тестирования"" suggests a process rather than a specific metric, making ""точность на тестовых данных"" the most semantically accurate and contextually fitting choice.
```","['accuracy on test data', 'test accuracy', 'Test accuracy', 'testing accuracy']"
68,test domain,"[{'word': 'тестовая область', 'ratio': 1.0}]",тестовый домен,тестовая область,"```
1. Candidate: ""тестовый домен""
2. Explanation: The term ""test domain"" in the context of AI and machine learning typically refers to a specific area or set of data used for testing a model's performance. The translation ""тестовый домен"" directly corresponds to ""test domain"" and is commonly used in Russian technical literature to describe this concept. The back translation also accurately reflects the original term, ensuring semantic accuracy and contextual fit within the AI domain. In contrast, ""тестовая область"" translates to ""test area,"" which could imply a physical or less specific area, making it less precise for the intended technical context.
```","['test area', 'test domain']"
69,unary production,"[{'word': 'унарное правило', 'ratio': 0.8}, {'word': 'унарное произведение', 'ratio': 0.1}, {'word': 'Унарное правило', 'ratio': 0.1}]",Унарное правило,унарное правило,"```
1. Candidate: ""Унарное правило""
2. Explanation: In the context of AI and computational linguistics, ""unary production"" refers to a type of grammar rule that involves a single non-terminal symbol producing another non-terminal symbol. The term ""Унарное правило"" (Unary rule) accurately captures this concept, as it aligns with the terminology used in formal grammar and parsing, where ""правило"" (rule) is commonly used to describe production rules. The back translation to ""Unary rule"" confirms the semantic accuracy and contextual fit within the AI domain, making it the best choice among the candidates.
```","['Unary rule', 'unary product', 'unary production', 'unary rule']"
70,unigram distribution,"[{'word': 'униграммное распределение', 'ratio': 0.5}, {'word': 'распределение униграмм', 'ratio': 0.4}, {'word': 'unigram distribution Распределение униграмм', 'ratio': 0.1}]",распределение униграмм,униграммное распределение,"```
1. Candidate: ""распределение униграмм""
2. Explanation: ""Распределение униграмм"" is the best translation candidate because it accurately reflects the term ""unigram distribution"" in a way that is consistent with Russian linguistic norms and AI domain-specific usage. The term ""распределение"" (distribution) is commonly used in statistical and computational contexts, and ""униграмм"" (unigram) is a direct transliteration that maintains the technical specificity of the term. This candidate also aligns well with the back translation, ensuring semantic accuracy and contextual fit within the AI domain.
```","['unigram distribution', 'unigram distribution', 'unigram distribution Unigram distribution']"
