,word,gold,exact_match_ratio,prediction_count,prediction_ratio
0,AI,人工智能,1.0,9,"[{'word': '人工智能', 'ratio': 1.0}]"
1,API,API,0.1111111111111111,9,"[{'word': '应用程序接口', 'ratio': 0.8888888888888888}, {'word': 'API', 'ratio': 0.1111111111111111}]"
2,AQA,AQA,0.875,8,"[{'word': 'AQA', 'ratio': 0.875}, {'word': '空气质量保证', 'ratio': 0.125}]"
3,ARENA,ARENA,0.2857142857142857,7,"[{'word': 'ARENA', 'ratio': 0.2857142857142857}, {'word': '競技場', 'ratio': 0.14285714285714285}, {'word': '竞技场', 'ratio': 0.14285714285714285}, {'word': '无法提供准确翻译', 'ratio': 0.14285714285714285}, {'word': '由于没有提供上下文，无法准确翻译这个专有名词。通常专有名词保留原文。', 'ratio': 0.14285714285714285}, {'word': '保留原文，因其为专有名词)', 'ratio': 0.14285714285714285}]"
4,Additionally,此外,1.0,9,"[{'word': '此外', 'ratio': 1.0}]"
5,AmbigQA,AmbigQA,0.7777777777777778,9,"[{'word': 'AmbigQA', 'ratio': 0.7777777777777778}, {'word': '歧义问答', 'ratio': 0.1111111111111111}, {'word': '模糊问答', 'ratio': 0.1111111111111111}]"
6,Architectures,架构,1.0,9,"[{'word': '架构', 'ratio': 1.0}]"
7,BART,BART,0.6,10,"[{'word': 'BART', 'ratio': 0.6}, {'word': '文本生成模型', 'ratio': 0.1}, {'word': '捷运', 'ratio': 0.1}, {'word': '序列到序列的自回归变换模型', 'ratio': 0.1}, {'word': '双向自回归变换器', 'ratio': 0.1}]"
8,BERT,BERT,0.42857142857142855,7,"[{'word': 'BERT', 'ratio': 0.42857142857142855}, {'word': '双向编码器表示模型', 'ratio': 0.14285714285714285}, {'word': 'BERT模型', 'ratio': 0.14285714285714285}, {'word': '双向编码器表示转换器', 'ratio': 0.14285714285714285}, {'word': '双向编码器表示从变换器', 'ratio': 0.14285714285714285}]"
9,BERTs,BERTs,0.0,7,"[{'word': 'BERT模型', 'ratio': 0.2857142857142857}, {'word': '复数形式', 'ratio': 0.14285714285714285}, {'word': 'BERT模型集', 'ratio': 0.14285714285714285}, {'word': '无法提供准确翻译', 'ratio': 0.14285714285714285}, {'word': '模型', 'ratio': 0.14285714285714285}, {'word': '双向编码器表示从变换器的复数形式', 'ratio': 0.14285714285714285}]"
10,BETO,BETO,0.42857142857142855,7,"[{'word': 'BETO', 'ratio': 0.42857142857142855}, {'word': '西班牙语BERT模型', 'ratio': 0.2857142857142857}, {'word': '西班牙语的BERT模型', 'ratio': 0.14285714285714285}, {'word': 'BETO模型', 'ratio': 0.14285714285714285}]"
11,BIO,BIO,0.0,7,"[{'word': 'BIO编码', 'ratio': 0.7142857142857143}, {'word': 'BIO标注法', 'ratio': 0.14285714285714285}, {'word': '编码', 'ratio': 0.14285714285714285}]"
12,BLEU,BLEU,0.14285714285714285,7,"[{'word': 'BLEU评分', 'ratio': 0.5714285714285714}, {'word': '双语评估指标', 'ratio': 0.2857142857142857}, {'word': 'BLEU', 'ratio': 0.14285714285714285}]"
13,BPE,BPE,0.1,10,"[{'word': '字节对编码', 'ratio': 0.8}, {'word': 'Byte Pair Encoding', 'ratio': 0.1}, {'word': 'BPE', 'ratio': 0.1}]"
14,BSARD,BSARD,0.8888888888888888,9,"[{'word': 'BSARD', 'ratio': 0.8888888888888888}, {'word': '请提供更多上下文以进行翻译', 'ratio': 0.1111111111111111}]"
15,CDA,CDA,0.3,10,"[{'word': 'CDA', 'ratio': 0.3}, {'word': '概念驱动架构）', 'ratio': 0.1}, {'word': '需要上下文来确定准确翻译', 'ratio': 0.1}, {'word': '关键数据分析', 'ratio': 0.1}, {'word': '计算机数据分析', 'ratio': 0.1}, {'word': '对话系统', 'ratio': 0.1}, {'word': '具体含义需根据上下文确定', 'ratio': 0.1}, {'word': '对比数据增强', 'ratio': 0.1}]"
16,CAS,CAS,0.4444444444444444,9,"[{'word': 'CAS', 'ratio': 0.4444444444444444}, {'word': '计算机代数系统', 'ratio': 0.2222222222222222}, {'word': '需要上下文来确定准确翻译', 'ratio': 0.1111111111111111}, {'word': '化学文摘服务', 'ratio': 0.1111111111111111}, {'word': '具体含义需根据上下文确定', 'ratio': 0.1111111111111111}]"
17,CEAS,CEAS,0.2222222222222222,9,"[{'word': 'CEAS', 'ratio': 0.2222222222222222}, {'word': '鐘', 'ratio': 0.1111111111111111}, {'word': '认知情感分析系统', 'ratio': 0.1111111111111111}, {'word': '常见的缩写，具体含义需根据上下文而定', 'ratio': 0.1111111111111111}, {'word': '中心环境分析系统', 'ratio': 0.1111111111111111}, {'word': '常见英语词汇的简写）', 'ratio': 0.1111111111111111}, {'word': '具体含义需根据上下文确定', 'ratio': 0.1111111111111111}, {'word': '钟', 'ratio': 0.1111111111111111}]"
18,CLIP,CLIP,0.2222222222222222,9,"[{'word': 'CLIP', 'ratio': 0.2222222222222222}, {'word': '夾子', 'ratio': 0.1111111111111111}, {'word': '对比语言-图像预训练模型', 'ratio': 0.1111111111111111}, {'word': '常见的缩写，具体含义需根据上下文而定', 'ratio': 0.1111111111111111}, {'word': '视觉语言预训练模型', 'ratio': 0.1111111111111111}, {'word': '对比语言-图像预训练模型）', 'ratio': 0.1111111111111111}, {'word': '具体含义需根据上下文确定', 'ratio': 0.1111111111111111}, {'word': '夹子', 'ratio': 0.1111111111111111}]"
19,CLS,CLS,0.4444444444444444,9,"[{'word': 'CLS', 'ratio': 0.4444444444444444}, {'word': '分类器', 'ratio': 0.1111111111111111}, {'word': '常见的缩写，具体含义需根据上下文而定', 'ratio': 0.1111111111111111}, {'word': '分类标签', 'ratio': 0.1111111111111111}, {'word': '分类标记）', 'ratio': 0.1111111111111111}, {'word': '具体含义需根据上下文确定', 'ratio': 0.1111111111111111}]"
20,CONLL,CoNLL,0.0,8,"[{'word': 'CONLL', 'ratio': 0.25}, {'word': '康利', 'ratio': 0.125}, {'word': '会议自然语言处理格式', 'ratio': 0.125}, {'word': '会议自然语言处理与计算语言学', 'ratio': 0.125}, {'word': '会议论文集格式', 'ratio': 0.125}, {'word': '具体含义需根据上下文确定', 'ratio': 0.125}, {'word': '康莱尔', 'ratio': 0.125}]"
21,CRF,CRF,0.0,8,"[{'word': '条件随机场', 'ratio': 0.875}, {'word': '病例报告表', 'ratio': 0.125}]"
22,CamemBERT,CamemBERT,0.6666666666666666,9,"[{'word': 'CamemBERT', 'ratio': 0.6666666666666666}, {'word': 'CamemBERT模型', 'ratio': 0.2222222222222222}, {'word': '卡門伯特', 'ratio': 0.1111111111111111}]"
23,Clustering,聚类,1.0,9,"[{'word': '聚类', 'ratio': 1.0}]"
24,CodeBERT,CodeBERT,0.7777777777777778,9,"[{'word': 'CodeBERT', 'ratio': 0.7777777777777778}, {'word': '代碼BERT', 'ratio': 0.1111111111111111}, {'word': '代码BERT', 'ratio': 0.1111111111111111}]"
25,Detecting,检测,1.0,10,"[{'word': '检测', 'ratio': 1.0}]"
26,Dialogue,对话,1.0,10,"[{'word': '对话', 'ratio': 1.0}]"
27,English,英语,1.0,9,"[{'word': '英语', 'ratio': 1.0}]"
28,FLR,FLR,0.1111111111111111,9,"[{'word': '最终延迟减少', 'ratio': 0.8888888888888888}, {'word': 'FLR', 'ratio': 0.1111111111111111}]"
29,FeSTE,FeSTE,0.8,10,"[{'word': 'FeSTE', 'ratio': 0.8}, {'word': '派对', 'ratio': 0.1}, {'word': 'dont know', 'ratio': 0.1}]"
30,For,针对,0.0,9,"[{'word': '例如', 'ratio': 0.6666666666666666}, {'word': '对于', 'ratio': 0.2222222222222222}, {'word': '为了', 'ratio': 0.1111111111111111}]"
31,French,法语,1.0,9,"[{'word': '法语', 'ratio': 1.0}]"
32,Furthermore,此外,1.0,10,"[{'word': '此外', 'ratio': 1.0}]"
33,GLUE,GLUE,0.3333333333333333,9,"[{'word': 'GLUE', 'ratio': 0.3333333333333333}, {'word': 'GLUE基准', 'ratio': 0.2222222222222222}, {'word': '胶水', 'ratio': 0.2222222222222222}, {'word': '基准', 'ratio': 0.1111111111111111}, {'word': '通用语言理解评估', 'ratio': 0.1111111111111111}]"
34,GPT,GPT,0.7,10,"[{'word': 'GPT', 'ratio': 0.7}, {'word': '生成预训练变换器', 'ratio': 0.2}, {'word': '生成预训练变换器）', 'ratio': 0.1}]"
35,Hence,因此,0.9,10,"[{'word': '因此', 'ratio': 0.9}, {'word': 'Hence', 'ratio': 0.1}]"
36,ICLR,ICLR,0.4444444444444444,9,"[{'word': 'ICLR', 'ratio': 0.4444444444444444}, {'word': '国际学习表示会议', 'ratio': 0.3333333333333333}, {'word': '国际学习表征会议', 'ratio': 0.2222222222222222}]"
37,IDF,IDF,0.0,9,"[{'word': '逆文档频率', 'ratio': 1.0}]"
38,KinyaBERT,KinyaBERT,0.7777777777777778,9,"[{'word': 'KinyaBERT', 'ratio': 0.7777777777777778}, {'word': '基于形态学的基尼亚语模型', 'ratio': 0.1111111111111111}, {'word': '基于形态学的基尼亚卢旺达语言模型', 'ratio': 0.1111111111111111}]"
39,LXMert,LXMert,0.8888888888888888,9,"[{'word': 'LXMert', 'ratio': 0.8888888888888888}, {'word': 'LXMERT', 'ratio': 0.1111111111111111}]"
40,LinCE,LinCE,0.1111111111111111,9,"[{'word': 'LinCE 数据集', 'ratio': 0.3333333333333333}, {'word': '林CE', 'ratio': 0.1111111111111111}, {'word': 'LinCE', 'ratio': 0.1111111111111111}, {'word': 'LinCE代码切换数据集', 'ratio': 0.1111111111111111}, {'word': 'LinCE数据集', 'ratio': 0.1111111111111111}, {'word': 'LinCE代码转换数据集', 'ratio': 0.1111111111111111}, {'word': '具体含义需根据上下文确定', 'ratio': 0.1111111111111111}]"
41,MAWPS,MAWPS,0.6666666666666666,9,"[{'word': 'MAWPS', 'ratio': 0.6666666666666666}, {'word': '移動平均水位控制系統', 'ratio': 0.1111111111111111}, {'word': '数学文本题求解器', 'ratio': 0.1111111111111111}, {'word': '具体含义需根据上下文确定', 'ratio': 0.1111111111111111}]"
42,MTDNN,MTDNN,0.6666666666666666,9,"[{'word': 'MTDNN', 'ratio': 0.6666666666666666}, {'word': 'MTD神經網絡', 'ratio': 0.1111111111111111}, {'word': '多任务深度神经网络', 'ratio': 0.1111111111111111}, {'word': '具体含义需根据上下文确定', 'ratio': 0.1111111111111111}]"
43,MathQA,MathQA,0.25,8,"[{'word': '数学问答', 'ratio': 0.75}, {'word': 'MathQA', 'ratio': 0.25}]"
44,Modeling,造型,0.0,9,"[{'word': '建模', 'ratio': 0.8888888888888888}, {'word': '模型', 'ratio': 0.1111111111111111}]"
45,Moreover,而且,0.0,9,"[{'word': '此外', 'ratio': 1.0}]"
46,Morphology,形态学,1.0,9,"[{'word': '形态学', 'ratio': 1.0}]"
47,NLI,NLI,0.0,9,"[{'word': '自然语言推理', 'ratio': 1.0}]"
48,NLP,自然语言处理,1.0,9,"[{'word': '自然语言处理', 'ratio': 1.0}]"
49,OOV,OOV,0.0,6,"[{'word': '超出词汇表', 'ratio': 0.5}, {'word': '超出词汇', 'ratio': 0.3333333333333333}, {'word': '词表外词', 'ratio': 0.16666666666666666}]"
50,PaLM,PaLM,0.6666666666666666,9,"[{'word': 'PaLM', 'ratio': 0.6666666666666666}, {'word': '若有具体上下文可补充', 'ratio': 0.1111111111111111}, {'word': '棕榈', 'ratio': 0.1111111111111111}, {'word': '路径语言模型', 'ratio': 0.1111111111111111}]"
51,PubMed,PubMed,0.8,10,"[{'word': 'PubMed', 'ratio': 0.8}, {'word': '考研', 'ratio': 0.1}, {'word': '保健医学文献数据库', 'ratio': 0.1}]"
52,QA,问答,0.75,8,"[{'word': '问答', 'ratio': 0.75}, {'word': '问答系统', 'ratio': 0.25}]"
53,QED,QED,0.375,8,"[{'word': 'QED', 'ratio': 0.375}, {'word': '查询分解', 'ratio': 0.25}, {'word': '查询分解框架', 'ratio': 0.125}, {'word': '查询解构', 'ratio': 0.125}, {'word': '问题分解框架', 'ratio': 0.125}]"
54,QUOREF,QUOREF,0.875,8,"[{'word': 'QUOREF', 'ratio': 0.875}, {'word': '数据集', 'ratio': 0.125}]"
55,REALM,REALM,0.8888888888888888,9,"[{'word': 'REALM', 'ratio': 0.8888888888888888}, {'word': '检索增强语言模型', 'ratio': 0.1111111111111111}]"
56,RGF,RGF,0.7777777777777778,9,"[{'word': 'RGF', 'ratio': 0.7777777777777778}, {'word': '检索-生成-过滤', 'ratio': 0.2222222222222222}]"
57,RNSum,RNSum,0.8571428571428571,7,"[{'word': 'RNSum', 'ratio': 0.8571428571428571}, {'word': '保持原文，因为它是一个专有名词', 'ratio': 0.14285714285714285}]"
58,ROUGE,ROUGE,0.8571428571428571,7,"[{'word': 'ROUGE', 'ratio': 0.8571428571428571}, {'word': '保持原文，因为它是一个专有名词', 'ratio': 0.14285714285714285}]"
59,SMCalFlow,SMCalFlow,0.8571428571428571,7,"[{'word': 'SMCalFlow', 'ratio': 0.8571428571428571}, {'word': '数据集', 'ratio': 0.14285714285714285}]"
60,SUTD,SUTD,0.125,8,"[{'word': '新加坡科技设计大学', 'ratio': 0.75}, {'word': 'SUTD', 'ratio': 0.125}, {'word': '科学技术发展局', 'ratio': 0.125}]"
61,SVAMP,SVAMP,0.8571428571428571,7,"[{'word': 'SVAMP', 'ratio': 0.8571428571428571}, {'word': '数据集', 'ratio': 0.14285714285714285}]"
62,Semantic,语义,0.8,10,"[{'word': '语义', 'ratio': 0.8}, {'word': '语义的', 'ratio': 0.1}, {'word': '策略', 'ratio': 0.1}]"
63,Similar,相似的,0.5,4,"[{'word': '相似的', 'ratio': 0.5}, {'word': '同様の内容', 'ratio': 0.25}, {'word': '类似的', 'ratio': 0.25}]"
64,Therefore,所以,0.1,10,"[{'word': '因此', 'ratio': 0.9}, {'word': '所以', 'ratio': 0.1}]"
65,TreeDST,TreeDST,0.75,8,"[{'word': 'TreeDST', 'ratio': 0.75}, {'word': '樹DST', 'ratio': 0.125}, {'word': '树DST', 'ratio': 0.125}]"
66,VALSE,VALSE,0.6,10,"[{'word': 'VALSE', 'ratio': 0.6}, {'word': '來源術語', 'ratio': 0.1}, {'word': '维尔斯', 'ratio': 0.1}, {'word': '不需翻译，保留原名', 'ratio': 0.1}, {'word': '瓦尔斯', 'ratio': 0.1}]"
67,VFL,VFL,0.4,10,"[{'word': 'VFL', 'ratio': 0.4}, {'word': '维多利亚足球联赛', 'ratio': 0.2}, {'word': '室顫', 'ratio': 0.1}, {'word': '不需翻译，保留原名', 'ratio': 0.1}, {'word': '维多利亚足球联盟', 'ratio': 0.1}, {'word': '室颤', 'ratio': 0.1}]"
68,ViLBERT,ViLBERT,0.6,10,"[{'word': 'ViLBERT', 'ratio': 0.6}, {'word': '维尔伯特', 'ratio': 0.3}, {'word': '維爾伯特', 'ratio': 0.1}]"
69,VisualBERT,VisualBERT,0.6,10,"[{'word': 'VisualBERT', 'ratio': 0.6}, {'word': '视觉BERT', 'ratio': 0.3}, {'word': '視覺BERT', 'ratio': 0.1}]"
70,Wikipedia,维基百科,1.0,10,"[{'word': '维基百科', 'ratio': 1.0}]"
71,XLM,XLM,0.8333333333333334,6,"[{'word': 'XLM', 'ratio': 0.8333333333333334}, {'word': '跨语言模型', 'ratio': 0.16666666666666666}]"
72,XLNet,XLNet,0.8571428571428571,7,"[{'word': 'XLNet', 'ratio': 0.8571428571428571}, {'word': 'XL網', 'ratio': 0.14285714285714285}]"
73,ablation,消融,1.0,7,"[{'word': '消融', 'ratio': 1.0}]"
74,achieves,达到,0.75,8,"[{'word': '达到', 'ratio': 0.75}, {'word': '实现', 'ratio': 0.25}]"
75,adversarial,对抗性,0.4444444444444444,9,"[{'word': '对抗性', 'ratio': 0.4444444444444444}, {'word': '对抗性的', 'ratio': 0.4444444444444444}, {'word': '对抗的', 'ratio': 0.1111111111111111}]"
76,algorithm,算法,1.0,8,"[{'word': '算法', 'ratio': 1.0}]"
77,algorithms,算法,1.0,8,"[{'word': '算法', 'ratio': 1.0}]"
78,analysis,分析,1.0,8,"[{'word': '分析', 'ratio': 1.0}]"
79,annotated,带注释,0.0,6,"[{'word': '注释的', 'ratio': 0.5}, {'word': '标注的', 'ratio': 0.5}]"
80,annotations,注释,0.6,10,"[{'word': '注释', 'ratio': 0.6}, {'word': '标注', 'ratio': 0.4}]"
81,annotators,注释者,0.2,10,"[{'word': '标注者们', 'ratio': 0.4}, {'word': '注释者们', 'ratio': 0.2}, {'word': '注释者', 'ratio': 0.2}, {'word': '标注者', 'ratio': 0.2}]"
82,answer,回答,0.0,7,"[{'word': '答案', 'ratio': 1.0}]"
83,approach,方法,1.0,5,"[{'word': '方法', 'ratio': 1.0}]"
84,aspect,方面,0.8,5,"[{'word': '方面', 'ratio': 0.8}, {'word': '体', 'ratio': 0.2}]"
85,assessing,评估,1.0,6,"[{'word': '评估', 'ratio': 1.0}]"
86,attention,注意力,1.0,7,"[{'word': '注意力', 'ratio': 1.0}]"
87,augmented,增强型,0.0,6,"[{'word': '增强的', 'ratio': 1.0}]"
88,automatic,自动类,0.0,10,"[{'word': '自动的', 'ratio': 0.7}, {'word': '自动', 'ratio': 0.3}]"
89,automatically,自动地,1.0,10,"[{'word': '自动地', 'ratio': 1.0}]"
90,baselines,基线,0.5,10,"[{'word': '基线', 'ratio': 0.5}, {'word': '基线方法', 'ratio': 0.5}]"
91,biases,偏见,0.0,9,"[{'word': '偏差', 'ratio': 1.0}]"
92,binary,二进制,0.3333333333333333,9,"[{'word': '二元的', 'ratio': 0.3333333333333333}, {'word': '二进制', 'ratio': 0.3333333333333333}, {'word': '二进制的', 'ratio': 0.2222222222222222}, {'word': '二元', 'ratio': 0.1111111111111111}]"
93,captions,字幕,0.2,10,"[{'word': '标题', 'ratio': 0.3}, {'word': '字幕', 'ratio': 0.2}, {'word': '标注', 'ratio': 0.2}, {'word': '图像说明', 'ratio': 0.1}, {'word': '字幕 / 标题', 'ratio': 0.1}, {'word': '图像描述', 'ratio': 0.1}]"
94,classifier,分类器,1.0,9,"[{'word': '分类器', 'ratio': 1.0}]"
95,classifiers,分类器,1.0,8,"[{'word': '分类器', 'ratio': 1.0}]"
96,classifying,分类,1.0,8,"[{'word': '分类', 'ratio': 1.0}]"
97,compared,已比较,0.0,10,"[{'word': '相比', 'ratio': 0.6}, {'word': '比较', 'ratio': 0.3}, {'word': '相比之下', 'ratio': 0.1}]"
98,compositionality,组合性,0.9,10,"[{'word': '组合性', 'ratio': 0.9}, {'word': '组成性', 'ratio': 0.1}]"
99,computation,计算,1.0,10,"[{'word': '计算', 'ratio': 1.0}]"
100,computational,计算类,0.0,9,"[{'word': '计算的', 'ratio': 0.7777777777777778}, {'word': '计算', 'ratio': 0.2222222222222222}]"
101,context,语境,0.0,10,"[{'word': '上下文', 'ratio': 1.0}]"
102,contexts,上下文,1.0,10,"[{'word': '上下文', 'ratio': 1.0}]"
103,contextualized,情境化,0.0,8,"[{'word': '上下文化的', 'ratio': 1.0}]"
104,conversational,会话式,0.0,9,"[{'word': '对话的', 'ratio': 0.4444444444444444}, {'word': '会话式的', 'ratio': 0.2222222222222222}, {'word': '对话式的', 'ratio': 0.2222222222222222}, {'word': '对话式', 'ratio': 0.1111111111111111}]"
105,coreference,共指,0.6666666666666666,6,"[{'word': '共指', 'ratio': 0.6666666666666666}, {'word': '共指关系', 'ratio': 0.3333333333333333}]"
106,corpora,语料库,0.8888888888888888,9,"[{'word': '语料库', 'ratio': 0.8888888888888888}, {'word': '共现统计', 'ratio': 0.1111111111111111}]"
107,corpus,语料库,0.4444444444444444,9,"[{'word': '语料', 'ratio': 0.4444444444444444}, {'word': '语料库', 'ratio': 0.4444444444444444}, {'word': '共指', 'ratio': 0.1111111111111111}]"
108,correlations,相关性,1.0,8,"[{'word': '相关性', 'ratio': 1.0}]"
109,corresponding,相应的,0.125,8,"[{'word': '对应的', 'ratio': 0.875}, {'word': '相应的', 'ratio': 0.125}]"
110,counterfactual,反事实的,0.1111111111111111,9,"[{'word': '反事实', 'ratio': 0.8888888888888888}, {'word': '反事实的', 'ratio': 0.1111111111111111}]"
111,data,数据,1.0,9,"[{'word': '数据', 'ratio': 1.0}]"
112,dataset,数据集,1.0,5,"[{'word': '数据集', 'ratio': 1.0}]"
113,datasets,数据集,1.0,10,"[{'word': '数据集', 'ratio': 1.0}]"
114,decoder,解码器,1.0,9,"[{'word': '解码器', 'ratio': 1.0}]"
115,decoding,解码,1.0,7,"[{'word': '解码', 'ratio': 1.0}]"
116,dependencies,依赖关系,0.875,8,"[{'word': '依赖关系', 'ratio': 0.875}, {'word': '从运动恢复结构', 'ratio': 0.125}]"
117,distributions,分布,1.0,7,"[{'word': '分布', 'ratio': 1.0}]"
118,documents,文件,0.1111111111111111,9,"[{'word': '文档', 'ratio': 0.8888888888888888}, {'word': '文件', 'ratio': 0.1111111111111111}]"
119,domains,域,0.0,7,"[{'word': '领域', 'ratio': 1.0}]"
120,downstream,下游,0.8333333333333334,6,"[{'word': '下游', 'ratio': 0.8333333333333334}, {'word': '下采样层', 'ratio': 0.16666666666666666}]"
121,edit,编辑,1.0,6,"[{'word': '编辑', 'ratio': 1.0}]"
122,embedding,嵌入,0.42857142857142855,7,"[{'word': '嵌入表示', 'ratio': 0.5714285714285714}, {'word': '嵌入', 'ratio': 0.42857142857142855}]"
123,embeddings,嵌入,0.8333333333333334,6,"[{'word': '嵌入', 'ratio': 0.8333333333333334}, {'word': '嵌入向量', 'ratio': 0.16666666666666666}]"
124,encode,编码,1.0,6,"[{'word': '编码', 'ratio': 1.0}]"
125,encoder,编码器,1.0,6,"[{'word': '编码器', 'ratio': 1.0}]"
126,encoders,编码器,1.0,5,"[{'word': '编码器', 'ratio': 1.0}]"
127,encoding,编码,1.0,9,"[{'word': '编码', 'ratio': 1.0}]"
128,entities,实体,1.0,7,"[{'word': '实体', 'ratio': 1.0}]"
129,evaluation,评估,1.0,9,"[{'word': '评估', 'ratio': 1.0}]"
130,event,事件,1.0,9,"[{'word': '事件', 'ratio': 1.0}]"
131,existing,现存,0.0,9,"[{'word': '现有的', 'ratio': 0.8888888888888888}, {'word': '现有', 'ratio': 0.1111111111111111}]"
132,extracted,提取的,1.0,9,"[{'word': '提取的', 'ratio': 1.0}]"
133,extracting,提取,1.0,10,"[{'word': '提取', 'ratio': 1.0}]"
134,extraction,提取,0.6,10,"[{'word': '提取', 'ratio': 0.6}, {'word': '抽取', 'ratio': 0.4}]"
135,extractive,可提取,0.0,10,"[{'word': '提取式', 'ratio': 0.4}, {'word': '抽取式', 'ratio': 0.4}, {'word': '提取式的', 'ratio': 0.1}, {'word': '抽取式的', 'ratio': 0.1}]"
136,features,特征,1.0,10,"[{'word': '特征', 'ratio': 1.0}]"
137,finetuning,微调,1.0,6,"[{'word': '微调', 'ratio': 1.0}]"
138,generalize,概括,0.0,8,"[{'word': '泛化', 'ratio': 1.0}]"
139,generated,已生成,0.0,9,"[{'word': '生成的', 'ratio': 1.0}]"
140,generating,生成,1.0,9,"[{'word': '生成', 'ratio': 1.0}]"
141,generation,一代,0.0,9,"[{'word': '生成', 'ratio': 1.0}]"
142,gradient,坡度,0.0,9,"[{'word': '梯度', 'ratio': 1.0}]"
143,grammar,语法,1.0,10,"[{'word': '语法', 'ratio': 1.0}]"
144,grammatical,语法类,0.0,10,"[{'word': '语法的', 'ratio': 1.0}]"
145,graph,图形,0.0,9,"[{'word': '图', 'ratio': 1.0}]"
146,graphs,图表,0.0,8,"[{'word': '图', 'ratio': 0.875}, {'word': '图形', 'ratio': 0.125}]"
147,grounding,领域,0.0,9,"[{'word': '基础', 'ratio': 0.3333333333333333}, {'word': '基础化', 'ratio': 0.1111111111111111}, {'word': '实体化', 'ratio': 0.1111111111111111}, {'word': '接地', 'ratio': 0.1111111111111111}, {'word': '实境基础', 'ratio': 0.1111111111111111}, {'word': '基础建构', 'ratio': 0.1111111111111111}, {'word': '实际场景联系', 'ratio': 0.1111111111111111}]"
148,heuristic,启发式,0.7142857142857143,7,"[{'word': '启发式', 'ratio': 0.7142857142857143}, {'word': '启发式方法', 'ratio': 0.2857142857142857}]"
149,human,人类,0.9,10,"[{'word': '人类', 'ratio': 0.9}, {'word': '人工', 'ratio': 0.1}]"
150,identifying,识别,1.0,5,"[{'word': '识别', 'ratio': 1.0}]"
151,image,图片,0.0,9,"[{'word': '图像', 'ratio': 1.0}]"
152,information,信息,0.7777777777777778,9,"[{'word': '信息', 'ratio': 0.7777777777777778}, {'word': '影响函数', 'ratio': 0.2222222222222222}]"
153,internet,互联网,1.0,7,"[{'word': '互联网', 'ratio': 1.0}]"
154,interpretable,可解释,0.0,9,"[{'word': '可解释的', 'ratio': 1.0}]"
155,knowledge,知识,1.0,9,"[{'word': '知识', 'ratio': 1.0}]"
156,labeled,标签化,0.0,9,"[{'word': '标注的', 'ratio': 0.3333333333333333}, {'word': '标记的', 'ratio': 0.2222222222222222}, {'word': '已标记', 'ratio': 0.1111111111111111}, {'word': '已标注的', 'ratio': 0.1111111111111111}, {'word': '已标记的', 'ratio': 0.1111111111111111}, {'word': '贴上标签', 'ratio': 0.1111111111111111}]"
157,language,语言,1.0,10,"[{'word': '语言', 'ratio': 1.0}]"
158,languages,语言,1.0,7,"[{'word': '语言', 'ratio': 1.0}]"
159,large,大的,0.0,7,"[{'word': '大型', 'ratio': 0.42857142857142855}, {'word': '大规模', 'ratio': 0.2857142857142857}, {'word': '大', 'ratio': 0.14285714285714285}, {'word': '大量的', 'ratio': 0.14285714285714285}]"
160,learning,学习,1.0,7,"[{'word': '学习', 'ratio': 1.0}]"
161,lexical,词汇,0.0,8,"[{'word': '词汇的', 'ratio': 1.0}]"
162,linear,线性的,0.14285714285714285,7,"[{'word': '线性', 'ratio': 0.8571428571428571}, {'word': '线性的', 'ratio': 0.14285714285714285}]"
163,linguistic,语言化,0.0,7,"[{'word': '语言学的', 'ratio': 0.7142857142857143}, {'word': '语言的', 'ratio': 0.2857142857142857}]"
164,linguistics,语言学,1.0,7,"[{'word': '语言学', 'ratio': 1.0}]"
165,linked,链接,0.0,7,"[{'word': '链接的', 'ratio': 0.5714285714285714}, {'word': '关联的', 'ratio': 0.2857142857142857}, {'word': '连接的', 'ratio': 0.14285714285714285}]"
166,manually,手动,0.5,10,"[{'word': '手动地', 'ratio': 0.5}, {'word': '手动', 'ratio': 0.5}]"
167,meaning,意义,0.5555555555555556,9,"[{'word': '意义', 'ratio': 0.5555555555555556}, {'word': '含义', 'ratio': 0.4444444444444444}]"
168,method,方法,1.0,9,"[{'word': '方法', 'ratio': 1.0}]"
169,methods,方法,0.8888888888888888,9,"[{'word': '方法', 'ratio': 0.8888888888888888}, {'word': '方法们', 'ratio': 0.1111111111111111}]"
170,metrics,指标,0.8888888888888888,9,"[{'word': '指标', 'ratio': 0.8888888888888888}, {'word': '微平均', 'ratio': 0.1111111111111111}]"
171,modalities,形态,0.0,10,"[{'word': '模态', 'ratio': 1.0}]"
172,model,模型,1.0,9,"[{'word': '模型', 'ratio': 1.0}]"
173,models,模型,1.0,10,"[{'word': '模型', 'ratio': 1.0}]"
174,monolingual,单语,0.7,10,"[{'word': '单语', 'ratio': 0.7}, {'word': '单语的', 'ratio': 0.3}]"
175,morphemes,语素,0.8888888888888888,9,"[{'word': '语素', 'ratio': 0.8888888888888888}, {'word': '词素', 'ratio': 0.1111111111111111}]"
176,morphological,形态化,0.0,9,"[{'word': '形态学的', 'ratio': 0.6666666666666666}, {'word': '形态的', 'ratio': 0.3333333333333333}]"
177,morphologically,形态上,0.2222222222222222,9,"[{'word': '形态学上', 'ratio': 0.6666666666666666}, {'word': '形态上', 'ratio': 0.2222222222222222}, {'word': '形态学地', 'ratio': 0.1111111111111111}]"
178,motivated,有动力,0.0,9,"[{'word': '动机', 'ratio': 0.3333333333333333}, {'word': '有动机的', 'ratio': 0.2222222222222222}, {'word': '动机驱动的', 'ratio': 0.2222222222222222}, {'word': '如前所述动机', 'ratio': 0.1111111111111111}, {'word': '动机明确的', 'ratio': 0.1111111111111111}]"
179,multilingual,多语言,0.3333333333333333,9,"[{'word': '多语言的', 'ratio': 0.6666666666666666}, {'word': '多语言', 'ratio': 0.3333333333333333}]"
180,multitask,多任务,1.0,10,"[{'word': '多任务', 'ratio': 1.0}]"
181,named,命名为,0.0,9,"[{'word': '命名的', 'ratio': 0.6666666666666666}, {'word': '命名', 'ratio': 0.2222222222222222}, {'word': 'named', 'ratio': 0.1111111111111111}]"
182,namely,即,0.7777777777777778,9,"[{'word': '即', 'ratio': 0.7777777777777778}, {'word': 'namely', 'ratio': 0.2222222222222222}]"
183,natural,自然,0.0,9,"[{'word': '自然的', 'ratio': 1.0}]"
184,neural,神经,0.5,10,"[{'word': '神经的', 'ratio': 0.5}, {'word': '神经', 'ratio': 0.5}]"
185,news,消息,0.0,10,"[{'word': '新闻', 'ratio': 1.0}]"
186,newswire,新闻专线,0.0,8,"[{'word': '新闻通讯', 'ratio': 0.75}, {'word': '新闻稿', 'ratio': 0.25}]"
187,nodes,节点,1.0,10,"[{'word': '节点', 'ratio': 1.0}]"
188,noun,名词,1.0,9,"[{'word': '名词', 'ratio': 1.0}]"
189,nouns,名词,1.0,9,"[{'word': '名词', 'ratio': 1.0}]"
190,number,数字,0.0,9,"[{'word': '数量', 'ratio': 1.0}]"
191,online,在线,0.8888888888888888,9,"[{'word': '在线', 'ratio': 0.8888888888888888}, {'word': '在线的', 'ratio': 0.1111111111111111}]"
192,outputs,输出,1.0,10,"[{'word': '输出', 'ratio': 1.0}]"
193,paper,纸,0.1,10,"[{'word': '论文', 'ratio': 0.9}, {'word': '纸', 'ratio': 0.1}]"
194,parallel,平行线,0.1,10,"[{'word': '并行', 'ratio': 0.7}, {'word': '并行的', 'ratio': 0.2}, {'word': '平行线', 'ratio': 0.1}]"
195,parsing,解析,0.8,10,"[{'word': '解析', 'ratio': 0.8}, {'word': '语法分析', 'ratio': 0.2}]"
196,perplexity,混乱,0.0,10,"[{'word': '困惑度', 'ratio': 1.0}]"
197,phrase,短语,1.0,5,"[{'word': '短语', 'ratio': 1.0}]"
198,predicates,谓词,1.0,9,"[{'word': '谓词', 'ratio': 1.0}]"
199,pretrained,预训练,0.3333333333333333,9,"[{'word': '预训练的', 'ratio': 0.6666666666666666}, {'word': '预训练', 'ratio': 0.3333333333333333}]"
200,pretraining,预训练,1.0,8,"[{'word': '预训练', 'ratio': 1.0}]"
201,previous,之前,0.0,8,"[{'word': '先前的', 'ratio': 0.875}, {'word': '以前的', 'ratio': 0.125}]"
202,problem,问题,1.0,8,"[{'word': '问题', 'ratio': 1.0}]"
203,pronouns,代词,1.0,7,"[{'word': '代词', 'ratio': 1.0}]"
204,propose,提出,1.0,7,"[{'word': '提出', 'ratio': 1.0}]"
205,pseudo,伪,0.875,8,"[{'word': '伪', 'ratio': 0.875}, {'word': '假的', 'ratio': 0.125}]"
206,qualitative,定性的,0.3,10,"[{'word': '定性', 'ratio': 0.6}, {'word': '定性的', 'ratio': 0.3}, {'word': '质量的 / 定性的', 'ratio': 0.1}]"
207,quality,质量,1.0,10,"[{'word': '质量', 'ratio': 1.0}]"
208,queries,查询,1.0,8,"[{'word': '查询', 'ratio': 1.0}]"
209,question,问题,1.0,6,"[{'word': '问题', 'ratio': 1.0}]"
210,questions,问题,1.0,6,"[{'word': '问题', 'ratio': 1.0}]"
211,re,关系提取,0.0,7,"[{'word': '重新', 'ratio': 0.5714285714285714}, {'word': '重新训练', 'ratio': 0.14285714285714285}, {'word': '最新的', 'ratio': 0.14285714285714285}, {'word': '正则表达式', 'ratio': 0.14285714285714285}]"
212,reasoning,推理,1.0,9,"[{'word': '推理', 'ratio': 1.0}]"
213,regression,回归,1.0,10,"[{'word': '回归', 'ratio': 1.0}]"
214,relation,关系,1.0,7,"[{'word': '关系', 'ratio': 1.0}]"
215,relations,relations,0.0,8,"[{'word': '关系', 'ratio': 1.0}]"
216,representations,陈述,0.0,6,"[{'word': '表示', 'ratio': 1.0}]"
217,research,研究,1.0,6,"[{'word': '研究', 'ratio': 1.0}]"
218,resources,资源,1.0,5,"[{'word': '资源', 'ratio': 1.0}]"
219,retrieved,检索到,0.0,8,"[{'word': '检索到的', 'ratio': 0.875}, {'word': '已检索的', 'ratio': 0.125}]"
220,search,搜索,1.0,7,"[{'word': '搜索', 'ratio': 1.0}]"
221,semantically,语义上,0.75,8,"[{'word': '语义上', 'ratio': 0.75}, {'word': '在语义上', 'ratio': 0.25}]"
222,semantics,语义,0.375,8,"[{'word': '语义学', 'ratio': 0.5}, {'word': '语义', 'ratio': 0.375}, {'word': '语义上', 'ratio': 0.125}]"
223,sense,感觉,0.125,8,"[{'word': '意义', 'ratio': 0.5}, {'word': '词义', 'ratio': 0.375}, {'word': '感觉', 'ratio': 0.125}]"
224,sentence,句子,1.0,8,"[{'word': '句子', 'ratio': 1.0}]"
225,sentences,句子,1.0,7,"[{'word': '句子', 'ratio': 1.0}]"
226,sentiment,情绪,0.14285714285714285,7,"[{'word': '情感', 'ratio': 0.8571428571428571}, {'word': '情绪', 'ratio': 0.14285714285714285}]"
227,seq2seq,seq2seq,0.0,5,"[{'word': '序列到序列', 'ratio': 0.8}, {'word': '序列2序列', 'ratio': 0.2}]"
228,sequences,序列,1.0,6,"[{'word': '序列', 'ratio': 1.0}]"
229,shared,共享,0.625,8,"[{'word': '共享', 'ratio': 0.625}, {'word': '共享的', 'ratio': 0.375}]"
230,similarity,相似度,0.16666666666666666,6,"[{'word': '相似性', 'ratio': 0.6666666666666666}, {'word': '相似性函数', 'ratio': 0.16666666666666666}, {'word': '相似度', 'ratio': 0.16666666666666666}]"
231,simultaneous,同时,0.0,6,"[{'word': '同时的', 'ratio': 0.5}, {'word': '同步', 'ratio': 0.3333333333333333}, {'word': '同步的', 'ratio': 0.16666666666666666}]"
232,social,社会类,0.0,8,"[{'word': '社会的', 'ratio': 0.875}, {'word': '社会', 'ratio': 0.125}]"
233,softmax,softmax,0.42857142857142855,7,"[{'word': 'softmax', 'ratio': 0.42857142857142855}, {'word': '软最大值', 'ratio': 0.42857142857142855}, {'word': '軟最大', 'ratio': 0.14285714285714285}]"
234,source,来源,1.0,8,"[{'word': '来源', 'ratio': 1.0}]"
235,spans,跨度,0.5,8,"[{'word': '跨度', 'ratio': 0.5}, {'word': '范围', 'ratio': 0.25}, {'word': '文本跨度', 'ratio': 0.125}, {'word': '词汇跨度', 'ratio': 0.125}]"
236,spatial,空间的,0.75,8,"[{'word': '空间的', 'ratio': 0.75}, {'word': '空间', 'ratio': 0.25}]"
237,speech,语音,0.5714285714285714,7,"[{'word': '语音', 'ratio': 0.5714285714285714}, {'word': '语言', 'ratio': 0.2857142857142857}, {'word': '演讲', 'ratio': 0.14285714285714285}]"
238,spoken,口语,0.0,8,"[{'word': '口语的', 'ratio': 0.625}, {'word': '使用', 'ratio': 0.25}, {'word': '使用的', 'ratio': 0.125}]"
239,statistical,统计类,0.0,7,"[{'word': '统计的', 'ratio': 1.0}]"
240,structure,结构体,0.0,5,"[{'word': '结构', 'ratio': 1.0}]"
241,structured,结构化,0.8571428571428571,7,"[{'word': '结构化', 'ratio': 0.8571428571428571}, {'word': '结构化的', 'ratio': 0.14285714285714285}]"
242,subword,子词,1.0,6,"[{'word': '子词', 'ratio': 1.0}]"
243,summarizing,总结,0.6,5,"[{'word': '总结', 'ratio': 0.6}, {'word': '摘要', 'ratio': 0.2}, {'word': '概括', 'ratio': 0.2}]"
244,syntactic,句法,0.16666666666666666,6,"[{'word': '句法的', 'ratio': 0.8333333333333334}, {'word': '句法', 'ratio': 0.16666666666666666}]"
245,system,系统,1.0,7,"[{'word': '系统', 'ratio': 1.0}]"
246,systems,系统,1.0,7,"[{'word': '系统', 'ratio': 1.0}]"
247,tagging,标记,0.0,7,"[{'word': '标注', 'ratio': 1.0}]"
248,tasks,任务,1.0,5,"[{'word': '任务', 'ratio': 1.0}]"
249,terminology,术语,1.0,6,"[{'word': '术语', 'ratio': 1.0}]"
250,text,文本,1.0,7,"[{'word': '文本', 'ratio': 1.0}]"
251,texts,文本,1.0,5,"[{'word': '文本', 'ratio': 1.0}]"
252,token,令牌,0.125,8,"[{'word': '词元', 'ratio': 0.75}, {'word': '令牌', 'ratio': 0.125}, {'word': '标记', 'ratio': 0.125}]"
253,tokens,令牌,0.0,8,"[{'word': '词元', 'ratio': 0.875}, {'word': '代币', 'ratio': 0.125}]"
254,training,训练,1.0,5,"[{'word': '训练', 'ratio': 1.0}]"
255,transformer,转换器,0.3333333333333333,6,"[{'word': '变换器', 'ratio': 0.6666666666666666}, {'word': '转换器', 'ratio': 0.3333333333333333}]"
256,transformers,转换器,0.3333333333333333,6,"[{'word': '转换器', 'ratio': 0.3333333333333333}, {'word': 'Transformer模型', 'ratio': 0.3333333333333333}, {'word': '变换器 如果需要进一步的帮助，请随时告知！', 'ratio': 0.16666666666666666}, {'word': '变换器', 'ratio': 0.16666666666666666}]"
257,translation,翻译,1.0,8,"[{'word': '翻译', 'ratio': 1.0}]"
258,translations,翻译,1.0,8,"[{'word': '翻译', 'ratio': 1.0}]"
259,unseen,未见,0.125,8,"[{'word': '未见过的', 'ratio': 0.75}, {'word': '未见', 'ratio': 0.125}, {'word': '未见的', 'ratio': 0.125}]"
260,unsupervised,无监督,0.5,6,"[{'word': '无监督的', 'ratio': 0.5}, {'word': '无监督', 'ratio': 0.5}]"
261,user,用户,1.0,7,"[{'word': '用户', 'ratio': 1.0}]"
262,utterances,话语,0.3333333333333333,6,"[{'word': '发话', 'ratio': 0.3333333333333333}, {'word': '话语', 'ratio': 0.3333333333333333}, {'word': '发话内容', 'ratio': 0.16666666666666666}, {'word': '发声内容', 'ratio': 0.16666666666666666}]"
263,vectors,矢量,0.0,8,"[{'word': '向量', 'ratio': 1.0}]"
264,verb,动词,1.0,6,"[{'word': '动词', 'ratio': 1.0}]"
265,verbs,动词,1.0,6,"[{'word': '动词', 'ratio': 1.0}]"
266,visual,视觉类,0.0,6,"[{'word': '视觉', 'ratio': 0.5}, {'word': '视觉的', 'ratio': 0.5}]"
267,weights,权重,0.875,8,"[{'word': '权重', 'ratio': 0.875}, {'word': '重量', 'ratio': 0.125}]"
268,word,单词,0.5,6,"[{'word': '单词', 'ratio': 0.5}, {'word': '词', 'ratio': 0.5}]"
269,word2vec,word2vec,0.5555555555555556,9,"[{'word': 'word2vec', 'ratio': 0.5555555555555556}, {'word': '字2向量', 'ratio': 0.1111111111111111}, {'word': '词向量模型', 'ratio': 0.1111111111111111}, {'word': '具体含义需根据上下文确定', 'ratio': 0.1111111111111111}, {'word': '单阶段检测器', 'ratio': 0.1111111111111111}]"
270,words,字,0.0,10,"[{'word': '词汇', 'ratio': 0.4}, {'word': '单词', 'ratio': 0.3}, {'word': '词语', 'ratio': 0.3}]"
271,written,书面,0.5,8,"[{'word': '书面', 'ratio': 0.5}, {'word': '书面的', 'ratio': 0.375}, {'word': '写作的', 'ratio': 0.125}]"
